scorer,DLC_mobnet_100_force_vitesse_powerFeb18shuffle1_10000,DLC_mobnet_100_force_vitesse_powerFeb18shuffle1_10000,DLC_mobnet_100_force_vitesse_powerFeb18shuffle1_10000,DLC_mobnet_100_force_vitesse_powerFeb18shuffle1_10000,DLC_mobnet_100_force_vitesse_powerFeb18shuffle1_10000,DLC_mobnet_100_force_vitesse_powerFeb18shuffle1_10000,DLC_mobnet_100_force_vitesse_powerFeb18shuffle1_10000,DLC_mobnet_100_force_vitesse_powerFeb18shuffle1_10000,DLC_mobnet_100_force_vitesse_powerFeb18shuffle1_10000
bodyparts,haut,haut,haut,milieu,milieu,milieu,bas,bas,bas
coords,x,y,likelihood,x,y,likelihood,x,y,likelihood
0,198.26968383789062,171.15548706054688,0.9501600861549377,201.2736053466797,222.1443634033203,0.9344598650932312,200.2867431640625,262.5383605957031,0.9352782368659973
1,197.71690368652344,170.3351287841797,0.9527973532676697,201.0530242919922,221.49781799316406,0.9296892881393433,200.60977172851562,263.3481140136719,0.9220572113990784
2,196.6491241455078,172.4871368408203,0.9507841467857361,200.4384307861328,221.51844787597656,0.9269313216209412,201.341552734375,264.5877685546875,0.917670726776123
3,197.29298400878906,172.45391845703125,0.9453760385513306,200.24452209472656,222.1609344482422,0.9419987201690674,199.67005920410156,262.50189208984375,0.9263300895690918
4,196.48341369628906,174.3214569091797,0.9439898133277893,202.6977996826172,221.98829650878906,0.9477502107620239,199.3297576904297,263.5838928222656,0.9405816793441772
5,197.37229919433594,173.26600646972656,0.9440586566925049,200.8111572265625,223.43405151367188,0.9544614553451538,201.1207275390625,264.8739929199219,0.9033437371253967
6,196.45904541015625,174.4813232421875,0.9598650336265564,200.14060974121094,223.4774627685547,0.949505090713501,200.7460479736328,264.5726318359375,0.9029485583305359
7,196.4403076171875,175.32188415527344,0.9595527648925781,200.48826599121094,223.458251953125,0.9528515934944153,200.47019958496094,265.158203125,0.911639928817749
8,197.75619506835938,172.91976928710938,0.9527330994606018,200.31045532226562,223.4195556640625,0.9532272815704346,201.078857421875,265.1686096191406,0.9100769758224487
9,197.91531372070312,173.89553833007812,0.9548312425613403,200.5387420654297,223.36366271972656,0.955828070640564,201.7912139892578,264.73248291015625,0.90461266040802
10,198.63580322265625,172.21726989746094,0.945455014705658,200.9723358154297,223.45713806152344,0.9569826126098633,200.89710998535156,264.7027282714844,0.9121553897857666
11,197.76174926757812,172.93017578125,0.9500335454940796,201.13259887695312,223.0200653076172,0.953720211982727,201.38055419921875,265.184326171875,0.9007502794265747
12,198.18081665039062,174.13526916503906,0.9359516501426697,201.90167236328125,222.85372924804688,0.9560256600379944,202.06361389160156,264.8453063964844,0.9136014580726624
13,199.15777587890625,172.20947265625,0.944642186164856,202.7519989013672,222.84019470214844,0.9548956155776978,201.70912170410156,263.7340393066406,0.9265720844268799
14,199.77845764160156,172.3143310546875,0.9401097893714905,202.70425415039062,222.3861846923828,0.951359748840332,202.14573669433594,263.02197265625,0.9332623481750488
15,200.63406372070312,171.83346557617188,0.9180036187171936,205.80545043945312,223.6439971923828,0.9505862593650818,203.25192260742188,262.7078552246094,0.9188165664672852
16,200.88320922851562,173.20225524902344,0.9279841184616089,205.118896484375,224.56846618652344,0.9599660038948059,203.0740966796875,264.03387451171875,0.9029929637908936
17,201.44717407226562,175.03114318847656,0.9324901700019836,205.1699676513672,225.09959411621094,0.9629068970680237,204.61402893066406,265.9548034667969,0.9174380898475647
18,201.28990173339844,174.3067626953125,0.9342887997627258,205.4184112548828,224.30389404296875,0.9619150161743164,203.68280029296875,266.154296875,0.8967816829681396
19,201.9381866455078,173.64364624023438,0.9148528575897217,205.61083984375,224.5721893310547,0.9671932458877563,204.08924865722656,267.26153564453125,0.9140321016311646
20,202.17091369628906,174.2329864501953,0.9106920957565308,205.6693878173828,224.55638122558594,0.9669615626335144,204.52345275878906,265.8004455566406,0.9070038199424744
21,201.65428161621094,174.56008911132812,0.9290215969085693,205.57139587402344,224.67538452148438,0.9656032919883728,204.24497985839844,265.6133117675781,0.9015597701072693
22,201.64111328125,172.4616241455078,0.9160289168357849,205.6910858154297,224.3963623046875,0.966505229473114,204.28369140625,265.9668884277344,0.9054680466651917
23,200.47549438476562,173.7583770751953,0.9190862774848938,205.78602600097656,224.68482971191406,0.9697080850601196,205.08010864257812,266.763671875,0.920961856842041
24,200.99842834472656,172.32122802734375,0.9206027984619141,205.59873962402344,224.85401916503906,0.9630894064903259,205.2882843017578,268.0244140625,0.9274237155914307
25,201.43536376953125,172.88821411132812,0.9190279841423035,205.4727783203125,224.8539581298828,0.958453357219696,205.0684051513672,267.60858154296875,0.9219436049461365
26,199.67274475097656,174.11392211914062,0.9151974320411682,204.7523651123047,224.40426635742188,0.9492923617362976,204.56631469726562,268.1659851074219,0.9144411087036133
27,200.38299560546875,172.01719665527344,0.9212468862533569,204.89158630371094,224.58746337890625,0.9514255523681641,205.46896362304688,267.90826416015625,0.9339187145233154
28,199.27658081054688,173.82186889648438,0.9280021786689758,203.98329162597656,222.9784393310547,0.9510176181793213,204.99806213378906,267.5975341796875,0.9261577725410461
29,199.68679809570312,173.64439392089844,0.9291878938674927,203.90670776367188,222.62908935546875,0.9497667551040649,206.36343383789062,268.0623779296875,0.9313279986381531
30,200.57662963867188,172.0194549560547,0.9295626878738403,203.83551025390625,223.0000762939453,0.953791081905365,207.18231201171875,267.64642333984375,0.9374439120292664
31,200.45458984375,172.201904296875,0.9291990995407104,203.5535430908203,223.5137939453125,0.9571110010147095,206.980224609375,267.17718505859375,0.9305439591407776
32,200.3302459716797,172.70721435546875,0.9333900809288025,203.38357543945312,222.57794189453125,0.9535709023475647,206.09765625,266.9150085449219,0.9276590347290039
33,199.78262329101562,174.6509246826172,0.9195470213890076,204.18275451660156,223.09683227539062,0.9546076655387878,206.17434692382812,267.11151123046875,0.934404730796814
34,199.96969604492188,173.53451538085938,0.9316990375518799,203.29373168945312,222.2390899658203,0.9533388614654541,206.4441680908203,266.5648193359375,0.9273916482925415
35,199.9425811767578,174.2940673828125,0.9303922057151794,202.6906280517578,222.38600158691406,0.9545472264289856,206.12709045410156,267.18603515625,0.9292653799057007
36,199.1264190673828,172.9426727294922,0.9469341039657593,202.50155639648438,223.95008850097656,0.9600775241851807,206.44790649414062,267.1755065917969,0.923328161239624
37,198.6117706298828,172.9449920654297,0.9508089423179626,202.17555236816406,224.10037231445312,0.9624592661857605,205.70437622070312,267.58477783203125,0.9109445810317993
38,197.7706756591797,173.20745849609375,0.9533119797706604,202.01002502441406,223.41705322265625,0.9602511525154114,205.6494140625,267.5827331542969,0.9039304852485657
39,198.2313232421875,172.85276794433594,0.9506269693374634,202.34207153320312,223.5185546875,0.9613319039344788,205.77830505371094,267.7896728515625,0.9131069779396057
40,198.49790954589844,174.49151611328125,0.9418194890022278,202.7666473388672,223.20785522460938,0.9607113599777222,206.30210876464844,267.4291076660156,0.9203904867172241
41,198.49940490722656,173.25506591796875,0.9550256133079529,202.15716552734375,222.94964599609375,0.959479570388794,205.42233276367188,266.7516174316406,0.909274160861969
42,198.00926208496094,172.54519653320312,0.9523285627365112,202.38304138183594,222.79774475097656,0.95976322889328,206.1087646484375,267.0662841796875,0.9310675859451294
43,198.7846221923828,172.1314697265625,0.9410171508789062,202.27511596679688,223.21043395996094,0.9604514837265015,205.67095947265625,267.1912841796875,0.9281554818153381
44,199.66827392578125,172.84228515625,0.9372127652168274,202.63265991210938,223.44210815429688,0.9619043469429016,205.42184448242188,267.8705749511719,0.9271658062934875
45,198.12088012695312,172.64817810058594,0.9488548040390015,201.94805908203125,224.00387573242188,0.9627705216407776,205.489501953125,267.88201904296875,0.9235535264015198
46,199.28106689453125,173.1850128173828,0.9423055052757263,202.9903106689453,223.4427947998047,0.9620257019996643,205.94505310058594,267.0337219238281,0.9263063669204712
47,199.2017059326172,173.1524200439453,0.9412251710891724,203.76516723632812,222.26727294921875,0.9593676328659058,205.99771118164062,266.708251953125,0.9295971989631653
48,199.58522033691406,174.12428283691406,0.9277188181877136,204.93881225585938,224.31903076171875,0.9585130214691162,206.70498657226562,267.6948547363281,0.9320700168609619
49,200.24740600585938,172.3824462890625,0.9268865585327148,203.1868133544922,222.08624267578125,0.957771897315979,206.15460205078125,266.7359619140625,0.9274423718452454
50,201.19024658203125,174.607666015625,0.9072271585464478,205.5544891357422,225.050537109375,0.9689679145812988,206.71839904785156,267.005615234375,0.9377984404563904
51,201.1237335205078,172.10325622558594,0.8981255888938904,206.50575256347656,225.20751953125,0.9788563251495361,206.99166870117188,268.0874328613281,0.937821626663208
52,203.52926635742188,175.39352416992188,0.8929744362831116,207.17922973632812,225.59303283691406,0.9827356338500977,207.7857208251953,268.4474182128906,0.9544897079467773
53,202.42210388183594,177.15673828125,0.9136852025985718,206.8223114013672,225.5442352294922,0.9787582159042358,206.80978393554688,267.2786560058594,0.9455998539924622
54,203.73675537109375,175.80804443359375,0.9184743165969849,206.76126098632812,225.6515655517578,0.9787304997444153,208.0500030517578,267.25836181640625,0.9393966197967529
55,204.5606689453125,175.9436492919922,0.9290724396705627,208.4283905029297,226.0546112060547,0.9859958291053772,208.7325439453125,267.5828552246094,0.9458234906196594
56,204.18324279785156,176.0216827392578,0.9142578840255737,207.7510528564453,225.65463256835938,0.9824720621109009,209.29344177246094,267.3486022949219,0.9470171928405762
57,204.47438049316406,176.19435119628906,0.9128790497779846,208.3500518798828,225.86985778808594,0.9847635626792908,209.34156799316406,267.8747253417969,0.9472430348396301
58,204.5206756591797,175.83642578125,0.9184150099754333,208.71304321289062,226.55833435058594,0.9859177470207214,210.0142364501953,267.65301513671875,0.9412683248519897
59,203.7781982421875,177.13150024414062,0.9027144908905029,208.00221252441406,225.668701171875,0.9835193753242493,209.709228515625,268.01165771484375,0.9380906224250793
60,202.30747985839844,174.3324737548828,0.9083127379417419,208.0417938232422,227.0011749267578,0.9828271865844727,210.8709259033203,268.4444885253906,0.9414129853248596
61,203.974365234375,178.2689666748047,0.9405114650726318,209.52911376953125,228.0664520263672,0.9888083338737488,210.43540954589844,269.2466735839844,0.9418243169784546
62,204.0054168701172,177.36973571777344,0.9201658368110657,207.63449096679688,228.28173828125,0.9848939776420593,209.03797912597656,269.0906982421875,0.9315201044082642
63,203.3515625,179.68496704101562,0.9262092709541321,207.71810913085938,227.71453857421875,0.9839577674865723,208.62403869628906,269.89971923828125,0.9319061040878296
64,203.79373168945312,179.30789184570312,0.9264969229698181,208.4242706298828,228.63406372070312,0.9845249056816101,206.84552001953125,270.25933837890625,0.9119978547096252
65,203.2434844970703,180.6038818359375,0.9315720796585083,207.88279724121094,228.81253051757812,0.9838197827339172,208.0879364013672,268.5476989746094,0.9279268383979797
66,203.14817810058594,179.47625732421875,0.9251487851142883,207.36605834960938,229.14291381835938,0.9827248454093933,208.07550048828125,268.854248046875,0.9434965252876282
67,202.66905212402344,179.9401397705078,0.9268554449081421,207.59091186523438,229.3267364501953,0.9841955900192261,208.2145233154297,269.468505859375,0.9462565779685974
68,202.55374145507812,179.96376037597656,0.9289500117301941,207.48538208007812,229.09640502929688,0.9827417731285095,208.56683349609375,269.781494140625,0.9549118280410767
69,201.4344024658203,177.34518432617188,0.9308163523674011,207.4300537109375,230.45887756347656,0.9833496809005737,207.5653839111328,270.0612487792969,0.9536691308021545
70,201.17767333984375,177.1676025390625,0.926027774810791,207.5089111328125,230.36947631835938,0.9818191528320312,208.1785888671875,270.0798645019531,0.9576677083969116
71,201.9337615966797,181.1573028564453,0.938269853591919,208.1476593017578,230.49569702148438,0.9849001169204712,207.29373168945312,269.367431640625,0.9554511904716492
72,202.72479248046875,182.37721252441406,0.943337619304657,207.42340087890625,231.69093322753906,0.9770817160606384,208.43324279785156,271.5769958496094,0.9656659960746765
73,203.70004272460938,182.2431640625,0.9456498026847839,207.42022705078125,231.33401489257812,0.977871835231781,207.56561279296875,271.1954345703125,0.9596530795097351
74,203.12948608398438,181.86024475097656,0.9432395100593567,207.20394897460938,231.27197265625,0.9774726629257202,208.258056640625,270.46246337890625,0.9588382244110107
75,202.49510192871094,181.65284729003906,0.94004225730896,207.4461212158203,230.99386596679688,0.9784324169158936,208.51026916503906,270.9797668457031,0.9616411328315735
76,202.2241668701172,181.58062744140625,0.9370847344398499,207.5445098876953,231.12188720703125,0.9770994782447815,208.62535095214844,271.01629638671875,0.9652050733566284
77,202.68734741210938,182.18214416503906,0.9409699440002441,207.818359375,231.5644073486328,0.9765172004699707,210.25962829589844,270.8356018066406,0.9654192328453064
78,202.38458251953125,181.89047241210938,0.9401857256889343,207.84176635742188,231.53611755371094,0.9791567325592041,208.85586547851562,270.7316589355469,0.965667724609375
79,202.04542541503906,181.3011474609375,0.9394110441207886,207.68911743164062,231.3791046142578,0.9787750244140625,209.9851531982422,270.91302490234375,0.9668015241622925
80,201.98782348632812,181.44454956054688,0.9400389790534973,207.80055236816406,230.17367553710938,0.9832400679588318,209.26373291015625,270.3948059082031,0.962407112121582
81,202.73374938964844,181.5960693359375,0.939937949180603,208.30311584472656,230.1483612060547,0.9841033220291138,209.0323944091797,270.0574645996094,0.9594371914863586
82,204.05955505371094,181.8662567138672,0.9451279640197754,208.12646484375,230.74522399902344,0.9833492040634155,208.50750732421875,270.5648193359375,0.9676870107650757
83,203.44740295410156,181.5528564453125,0.9423753619194031,208.09527587890625,230.64454650878906,0.9816439747810364,209.29547119140625,270.2561950683594,0.9649410843849182
84,202.04664611816406,181.3242950439453,0.9256258010864258,207.63729858398438,231.88870239257812,0.975272536277771,208.48516845703125,271.4366760253906,0.9696438312530518
85,202.35671997070312,182.212646484375,0.9274675250053406,207.84353637695312,231.71084594726562,0.9765824675559998,208.46963500976562,271.2110595703125,0.9662482738494873
86,202.71885681152344,181.34072875976562,0.9223319292068481,207.4215545654297,231.32537841796875,0.9724917411804199,207.3232421875,270.99658203125,0.9611729383468628
87,202.8609161376953,181.57423400878906,0.9258841872215271,207.8554229736328,231.17567443847656,0.9764657020568848,206.62156677246094,270.6628112792969,0.9508834481239319
88,203.11094665527344,182.32125854492188,0.9316115975379944,208.01148986816406,230.64154052734375,0.9780529737472534,206.81881713867188,270.4800720214844,0.9512502551078796
89,203.1963348388672,182.77438354492188,0.9345234632492065,207.92025756835938,231.25637817382812,0.9773799777030945,207.42202758789062,271.099609375,0.9614319205284119
90,202.845458984375,182.1649627685547,0.9399852752685547,207.2994842529297,230.99261474609375,0.9789881706237793,207.6743621826172,271.0518798828125,0.9558608531951904
91,203.1397705078125,182.96902465820312,0.9376664757728577,206.4393310546875,231.03953552246094,0.9757534265518188,206.48684692382812,271.4715576171875,0.9569652676582336
92,202.79734802246094,182.86402893066406,0.9349918961524963,206.68479919433594,231.23114013671875,0.9707998633384705,207.072998046875,270.4357604980469,0.9552037715911865
93,202.14527893066406,182.34622192382812,0.935961902141571,206.0237579345703,230.9155731201172,0.9739887714385986,206.94898986816406,269.9339294433594,0.9512547850608826
94,202.33396911621094,182.90614318847656,0.9393371939659119,205.67459106445312,231.4810028076172,0.9726399183273315,206.49383544921875,270.2080383300781,0.9541869759559631
95,203.15525817871094,182.9085693359375,0.9387110471725464,204.30572509765625,228.89154052734375,0.9675113558769226,206.01638793945312,270.3193054199219,0.9439229965209961
96,204.27671813964844,182.80674743652344,0.9446948766708374,206.65257263183594,232.60519409179688,0.9640879034996033,207.31967163085938,271.54815673828125,0.9689920544624329
97,203.07196044921875,182.38763427734375,0.9394132494926453,203.9873046875,230.25389099121094,0.9598874449729919,206.02432250976562,271.6933288574219,0.9649693369865417
98,202.2593994140625,182.46347045898438,0.9300129413604736,203.96763610839844,230.51202392578125,0.958749532699585,205.7708282470703,271.5355224609375,0.9633488655090332
99,200.6764373779297,179.4844512939453,0.9325995445251465,203.85545349121094,230.35519409179688,0.960514485836029,204.8336639404297,271.2276611328125,0.9521178007125854
100,200.68582153320312,179.77650451660156,0.934319794178009,203.9452362060547,230.27951049804688,0.9601291418075562,204.92393493652344,271.2546691894531,0.9536247849464417
101,200.3652801513672,180.43455505371094,0.9374974370002747,203.697021484375,230.5522918701172,0.9580664038658142,204.4176025390625,271.3730163574219,0.9504473209381104
102,200.07862854003906,180.33889770507812,0.9379019141197205,205.91290283203125,232.84957885742188,0.9581485986709595,205.19287109375,271.3970031738281,0.9563027024269104
103,200.1859588623047,181.0645751953125,0.9434701204299927,203.49136352539062,230.1012420654297,0.960567831993103,206.28176879882812,271.3014831542969,0.9613633155822754
104,203.09738159179688,182.83160400390625,0.9377819895744324,203.69183349609375,229.98764038085938,0.9635989665985107,205.32432556152344,271.1021728515625,0.9521716237068176
105,203.10108947753906,182.78652954101562,0.9399202466011047,206.42919921875,232.06942749023438,0.9674206376075745,205.26107788085938,270.6029357910156,0.9493151307106018
106,202.88131713867188,182.83921813964844,0.9390981793403625,206.31236267089844,232.44068908691406,0.9705825448036194,205.71339416503906,271.0019836425781,0.9547361731529236
107,203.849609375,182.49063110351562,0.9371474981307983,206.35235595703125,232.81484985351562,0.967770516872406,204.62469482421875,270.90283203125,0.9466190934181213
108,202.9084930419922,183.25193786621094,0.9382879734039307,206.3885498046875,232.78887939453125,0.9675824642181396,207.53378295898438,271.69805908203125,0.964619517326355
109,203.86488342285156,182.96145629882812,0.9356739521026611,207.22616577148438,232.47984313964844,0.9692299962043762,208.0290069580078,272.6714172363281,0.9683356881141663
110,200.62669372558594,183.5318145751953,0.9253515601158142,204.73219299316406,230.74583435058594,0.9640992283821106,205.88668823242188,272.7840270996094,0.9593475461006165
111,200.09881591796875,183.2429656982422,0.9290193319320679,206.57540893554688,234.54661560058594,0.9514196515083313,205.5526885986328,273.1516418457031,0.9535709023475647
112,200.08546447753906,186.12252807617188,0.9311827421188354,206.20489501953125,235.20343017578125,0.9545186758041382,204.80975341796875,274.9317626953125,0.9516754746437073
113,199.52032470703125,187.920654296875,0.9351987242698669,205.75942993164062,236.37059020996094,0.9444041848182678,205.1085968017578,274.4418640136719,0.9640653133392334
114,198.06944274902344,189.3082733154297,0.9364912509918213,205.76864624023438,237.85179138183594,0.9409154057502747,203.89706420898438,275.8922424316406,0.9572216272354126
115,195.99444580078125,190.451171875,0.938649594783783,203.50357055664062,236.9497528076172,0.9396975040435791,201.23599243164062,276.7570495605469,0.9416034817695618
116,195.57261657714844,191.48773193359375,0.9576015472412109,202.43722534179688,238.80105590820312,0.9452193379402161,201.2360076904297,278.5752258300781,0.9227207899093628
117,194.03443908691406,192.96975708007812,0.9672660231590271,200.85842895507812,239.3665313720703,0.9790134429931641,199.27947998046875,279.6551208496094,0.9400349855422974
118,193.61224365234375,195.91635131835938,0.9638935923576355,199.19473266601562,241.79568481445312,0.9871620535850525,198.7924041748047,281.50653076171875,0.9272240400314331
119,193.73023986816406,197.74465942382812,0.9564051032066345,199.91387939453125,244.205322265625,0.988229513168335,200.52688598632812,282.8677062988281,0.9323554635047913
120,193.2422332763672,198.92086791992188,0.9498841166496277,199.11447143554688,246.1355438232422,0.9890505075454712,201.06832885742188,284.21295166015625,0.9305189847946167
121,194.3765411376953,202.01791381835938,0.9490357637405396,198.76268005371094,248.9095458984375,0.9860728979110718,200.76315307617188,286.0792541503906,0.9455951452255249
122,192.97470092773438,205.92762756347656,0.9263575077056885,197.2891387939453,250.03273010253906,0.9811848998069763,200.11013793945312,288.4743957519531,0.9575982093811035
123,191.718505859375,206.7838897705078,0.9138310551643372,196.05555725097656,253.4469451904297,0.9835055470466614,198.8156280517578,289.06866455078125,0.9654827117919922
124,191.34877014160156,208.71192932128906,0.9380677342414856,194.20339965820312,253.73233032226562,0.9854189157485962,195.55575561523438,292.8836364746094,0.9781777858734131
125,189.3725128173828,212.607177734375,0.9375243782997131,192.510986328125,255.7809295654297,0.9839720726013184,192.80569458007812,295.41668701171875,0.9682152271270752
126,189.39654541015625,214.02725219726562,0.9362726807594299,192.24778747558594,257.3304138183594,0.9843224883079529,191.76170349121094,297.9932861328125,0.9313311576843262
127,188.5166015625,214.89585876464844,0.9248302578926086,191.4288787841797,259.8409423828125,0.9846013784408569,191.53475952148438,300.3514099121094,0.9363945126533508
128,183.43426513671875,216.62257385253906,0.9238571524620056,187.64073181152344,262.60223388671875,0.9663350582122803,187.1062469482422,302.3387145996094,0.9195963144302368
129,182.6588134765625,218.7755584716797,0.9316830635070801,186.81396484375,264.7611999511719,0.9497535228729248,186.06849670410156,305.8594665527344,0.9443162679672241
130,181.80322265625,219.65089416503906,0.9183643460273743,188.47567749023438,267.4751281738281,0.940670907497406,184.88583374023438,305.8626708984375,0.9354503750801086
131,180.60113525390625,222.53060913085938,0.9527749419212341,186.43898010253906,270.0523376464844,0.9697698354721069,182.85440063476562,307.61981201171875,0.9658997058868408
132,178.31422424316406,224.1481475830078,0.9609333276748657,184.52084350585938,272.62481689453125,0.9807253479957581,181.05169677734375,311.54766845703125,0.9603486657142639
133,178.6761016845703,225.38607788085938,0.9681664109230042,183.67709350585938,273.8637390136719,0.9848959445953369,179.30197143554688,314.2452697753906,0.9502512216567993
134,177.139892578125,226.24142456054688,0.9687318205833435,184.42176818847656,276.3175354003906,0.9820560812950134,181.97523498535156,314.15313720703125,0.9339479804039001
135,175.66403198242188,226.9946746826172,0.96165931224823,181.84161376953125,277.1021423339844,0.9894573092460632,177.64077758789062,317.03106689453125,0.9399946331977844
136,174.7013397216797,228.15817260742188,0.9518605470657349,181.29818725585938,277.7781982421875,0.9896546602249146,178.57333374023438,318.3241882324219,0.9633303880691528
137,174.34579467773438,229.4405517578125,0.930996835231781,181.53067016601562,280.1265563964844,0.9873328804969788,178.36146545410156,319.7803039550781,0.9808958768844604
138,171.40260314941406,231.53919982910156,0.9172983169555664,180.59881591796875,281.5675048828125,0.984413206577301,176.89328002929688,320.21295166015625,0.9757022857666016
139,173.96656799316406,235.66468811035156,0.9016979932785034,178.9283447265625,282.1690673828125,0.9794642925262451,175.70346069335938,321.0483703613281,0.9764501452445984
140,173.70362854003906,236.3553924560547,0.8914918899536133,179.1071014404297,283.1092529296875,0.9796317219734192,175.44625854492188,322.5245666503906,0.9792889952659607
141,173.16513061523438,237.307373046875,0.8484160900115967,178.31527709960938,284.74298095703125,0.9789121150970459,174.72193908691406,324.2736511230469,0.9747426509857178
142,172.93373107910156,236.58164978027344,0.8671531677246094,177.28836059570312,283.2352600097656,0.9778056144714355,174.44561767578125,323.3619079589844,0.9737597107887268
143,173.0259552001953,236.3331756591797,0.8614370226860046,177.11334228515625,283.8817443847656,0.9730179905891418,173.7808074951172,325.4278259277344,0.9636071920394897
144,168.38861083984375,234.6961669921875,0.8553453683853149,176.88377380371094,284.3440856933594,0.9706965088844299,174.19493103027344,325.7315673828125,0.9749097228050232
145,168.15554809570312,234.56056213378906,0.8838182687759399,177.51223754882812,283.5555114746094,0.9737077355384827,174.59481811523438,322.41986083984375,0.9767662286758423
146,168.9440155029297,234.0122528076172,0.8588290810585022,177.6079559326172,283.341064453125,0.9720038175582886,174.9112548828125,323.35382080078125,0.981312096118927
147,169.729736328125,234.0074920654297,0.8751904964447021,178.4098358154297,283.6425476074219,0.9757705926895142,174.90911865234375,322.9560852050781,0.9822340607643127
148,173.1288604736328,235.19039916992188,0.8702273368835449,178.04672241210938,282.4574890136719,0.9719923734664917,174.2056884765625,323.08660888671875,0.9786040782928467
149,169.57545471191406,234.3680877685547,0.8883586525917053,177.65353393554688,282.2913818359375,0.9750609397888184,174.6488037109375,321.24810791015625,0.9762702584266663
150,170.18875122070312,234.20758056640625,0.8726667761802673,178.478515625,282.00677490234375,0.9765955209732056,175.1558837890625,322.12908935546875,0.97865891456604
151,173.52125549316406,234.80377197265625,0.889564573764801,178.3518524169922,282.1909484863281,0.9712902903556824,175.22239685058594,321.4839172363281,0.9774741530418396
152,173.7153778076172,234.929443359375,0.8928850889205933,178.96510314941406,282.5990295410156,0.9757289290428162,175.6523895263672,322.6529235839844,0.9805364608764648
153,171.24893188476562,233.65650939941406,0.8985522389411926,179.11422729492188,281.6725769042969,0.9760037660598755,176.1135711669922,322.7102355957031,0.9791481494903564
154,174.65586853027344,233.8978271484375,0.917243480682373,180.62057495117188,281.64263916015625,0.9838345050811768,175.56468200683594,322.5512390136719,0.9823204278945923
155,172.211669921875,232.7782745361328,0.9182183742523193,181.4174041748047,281.6758117675781,0.9839069843292236,175.9287567138672,321.1113586425781,0.9839163422584534
156,175.5526123046875,233.1212158203125,0.9370121955871582,182.01095581054688,281.1005554199219,0.9842262864112854,177.27471923828125,321.25006103515625,0.9842098951339722
157,175.1251220703125,228.56521606445312,0.9297376275062561,181.55519104003906,280.8246765136719,0.9851709008216858,177.88623046875,321.3688659667969,0.9823867082595825
158,175.5176544189453,232.69509887695312,0.9387361407279968,183.35838317871094,279.9253234863281,0.9866920113563538,178.57359313964844,320.2067565917969,0.9784703254699707
159,175.9375762939453,228.86056518554688,0.9587596654891968,183.8424072265625,281.6047668457031,0.9796341061592102,179.63916015625,320.8388366699219,0.9786100387573242
160,175.87606811523438,228.6578369140625,0.9596153497695923,183.53848266601562,280.84478759765625,0.9850431680679321,178.75946044921875,320.385009765625,0.9799383282661438
161,176.7855224609375,228.0008087158203,0.9695870280265808,184.69151306152344,279.6006774902344,0.9840482473373413,180.7247314453125,318.90093994140625,0.9768113493919373
162,178.57327270507812,227.11666870117188,0.9738734364509583,184.89920043945312,279.5145568847656,0.983850359916687,181.12591552734375,317.512939453125,0.9629080295562744
163,178.29676818847656,227.03189086914062,0.9694141149520874,184.71170043945312,278.283447265625,0.9844467043876648,180.88954162597656,316.97869873046875,0.9642865061759949
164,179.502197265625,226.7059783935547,0.9678350687026978,186.59461975097656,279.2183532714844,0.9812694787979126,183.85841369628906,317.81256103515625,0.9289161562919617
165,179.4046173095703,226.11341857910156,0.9710707068443298,187.12477111816406,276.58404541015625,0.9768702983856201,183.9384002685547,317.3570251464844,0.9213758111000061
166,180.62203979492188,225.30099487304688,0.9670084714889526,187.0123748779297,275.6871032714844,0.9754014015197754,182.73866271972656,315.7549743652344,0.9311537742614746
167,182.3748016357422,223.6038818359375,0.9546836018562317,187.3505859375,274.9708251953125,0.9705655574798584,183.7080841064453,316.5673522949219,0.9150503873825073
168,183.69696044921875,224.17416381835938,0.9404783844947815,190.1031951904297,272.81378173828125,0.9712498188018799,184.68203735351562,316.5158386230469,0.8686129450798035
169,186.49899291992188,226.84130859375,0.9308630228042603,192.0081329345703,272.2713928222656,0.9847924709320068,190.03590393066406,313.7526550292969,0.947655200958252
170,186.4811553955078,224.71749877929688,0.901996910572052,192.5498809814453,269.56927490234375,0.9724665284156799,190.64389038085938,311.02801513671875,0.9664994478225708
171,184.44564819335938,220.9926300048828,0.901509702205658,193.533203125,269.2393493652344,0.9768403768539429,191.47592163085938,309.232421875,0.9771255254745483
172,184.34722900390625,220.03268432617188,0.9087775349617004,194.75503540039062,269.46875,0.9741833209991455,192.38035583496094,307.3849182128906,0.9821194410324097
173,184.80873107910156,219.09791564941406,0.9049509167671204,195.41917419433594,267.25738525390625,0.974266529083252,192.09228515625,305.6125793457031,0.9815614819526672
174,190.69618225097656,220.05966186523438,0.9072535634040833,195.59849548339844,265.845703125,0.9733220338821411,192.7547149658203,304.7119140625,0.9803168773651123
175,191.2910919189453,219.62989807128906,0.9005358815193176,195.74459838867188,266.4341125488281,0.9779222011566162,194.03384399414062,304.3414001464844,0.976574182510376
176,192.51568603515625,218.125,0.9360523223876953,197.65052795410156,265.24786376953125,0.9860255122184753,194.73895263671875,304.0050354003906,0.9722028970718384
177,191.99229431152344,217.2591094970703,0.9232780337333679,197.3350372314453,263.7392272949219,0.9859339594841003,195.46641540527344,301.6404113769531,0.9592992663383484
178,193.10885620117188,213.75843811035156,0.9464073181152344,196.5133514404297,261.60284423828125,0.9899721145629883,195.5244598388672,300.89569091796875,0.942657470703125
179,193.2421875,212.51641845703125,0.9640467166900635,198.5023193359375,259.9073181152344,0.9902878999710083,197.20318603515625,300.0777282714844,0.9473500847816467
180,192.8813934326172,210.45494079589844,0.9655925035476685,198.53993225097656,257.7979736328125,0.9889344573020935,195.73667907714844,299.4073791503906,0.9517879486083984
181,195.60137939453125,209.8498077392578,0.96062833070755,199.1708221435547,256.1707458496094,0.9875116348266602,198.4000244140625,297.0963134765625,0.9388483166694641
182,196.00994873046875,208.93519592285156,0.957489550113678,198.71705627441406,254.58837890625,0.9856796860694885,197.33511352539062,293.9246826171875,0.9690955281257629
183,195.93003845214844,208.53053283691406,0.9543154835700989,199.58486938476562,252.63754272460938,0.9798964262008667,198.04910278320312,291.1643981933594,0.9681260585784912
184,196.10987854003906,206.28451538085938,0.9392974376678467,200.96908569335938,250.56454467773438,0.9740877747535706,200.67364501953125,290.4566650390625,0.9497211575508118
185,195.07937622070312,204.41421508789062,0.932354211807251,201.1087646484375,248.80931091308594,0.9708561897277832,201.50645446777344,288.5651550292969,0.9341445565223694
186,196.5098114013672,202.27325439453125,0.9387587308883667,202.03280639648438,248.92486572265625,0.9653035998344421,201.41354370117188,288.7210998535156,0.9422535300254822
187,199.3820037841797,199.68177795410156,0.9228684902191162,201.91708374023438,244.00376892089844,0.9706320762634277,203.6761016845703,285.7195739746094,0.9450185894966125
188,197.9942626953125,193.48020935058594,0.9506186842918396,201.0578155517578,240.47532653808594,0.9595968723297119,204.08856201171875,284.13818359375,0.9062129259109497
189,197.13375854492188,192.3348388671875,0.9491596221923828,201.84481811523438,238.18711853027344,0.9470950365066528,202.2743682861328,281.575439453125,0.889491081237793
190,197.5441436767578,189.29505920410156,0.9319183230400085,205.86483764648438,239.72586059570312,0.93248450756073,204.2533416748047,276.8711242675781,0.9342333078384399
191,197.87644958496094,188.25596618652344,0.9420843124389648,205.0607147216797,236.65760803222656,0.9324318170547485,204.09664916992188,275.82415771484375,0.9387783408164978
192,200.18531799316406,184.68980407714844,0.9191108345985413,203.4980926513672,232.7163543701172,0.9498313069343567,208.0364532470703,273.224853515625,0.9726213216781616
193,202.08761596679688,185.04443359375,0.9209287166595459,205.052978515625,230.1465606689453,0.9640267491340637,207.6087646484375,272.6147766113281,0.9665136933326721
194,203.61630249023438,182.77810668945312,0.9407066106796265,207.0895233154297,231.36363220214844,0.9700128436088562,210.86630249023438,270.72772216796875,0.966812014579773
195,203.98599243164062,180.40565490722656,0.9350982308387756,207.2423553466797,230.13580322265625,0.9758215546607971,210.29893493652344,269.85211181640625,0.9598408937454224
196,204.47584533691406,179.26785278320312,0.9344269037246704,208.13059997558594,228.11257934570312,0.9813380241394043,209.6141357421875,269.1160888671875,0.9380816221237183
197,204.8494110107422,177.7604217529297,0.9334602952003479,208.2938690185547,227.84854125976562,0.982799768447876,211.081298828125,269.72705078125,0.9437655210494995
198,204.39895629882812,178.5485382080078,0.9250512719154358,208.93663024902344,227.92318725585938,0.984799861907959,210.9544219970703,268.36883544921875,0.9492448568344116
199,204.48291015625,176.76124572753906,0.9200541973114014,209.20831298828125,227.8080596923828,0.9853063821792603,211.2770233154297,269.3364562988281,0.9447565674781799
200,204.82244873046875,176.34024047851562,0.9226734042167664,209.67579650878906,227.12965393066406,0.9868150949478149,212.14488220214844,269.6975402832031,0.9464405179023743
201,205.80905151367188,176.93096923828125,0.9423210620880127,210.11305236816406,227.13217163085938,0.9865564703941345,212.49388122558594,268.7486877441406,0.9464054703712463
202,206.39837646484375,177.8840789794922,0.954007625579834,210.58547973632812,226.19998168945312,0.9878281354904175,212.40444946289062,268.921875,0.9468417763710022
203,205.89051818847656,176.3668975830078,0.9416090846061707,209.9716796875,226.67172241210938,0.9864739179611206,211.88706970214844,269.7004089355469,0.9432495832443237
204,206.08346557617188,176.4261016845703,0.9419496655464172,210.49110412597656,225.8485107421875,0.9878796935081482,211.11013793945312,268.4184265136719,0.9478511810302734
205,206.46067810058594,176.40301513671875,0.9514021873474121,210.55874633789062,225.92520141601562,0.9861099720001221,210.58602905273438,269.09722900390625,0.9482328295707703
206,206.25486755371094,176.49249267578125,0.9435741305351257,210.2940673828125,225.76190185546875,0.9861840605735779,209.80722045898438,268.3502197265625,0.9451769590377808
207,205.16250610351562,176.7852783203125,0.9374437928199768,209.386474609375,225.55311584472656,0.982986569404602,208.10401916503906,268.4618225097656,0.9412379264831543
208,205.01756286621094,177.4918975830078,0.9285460710525513,208.58709716796875,225.8551788330078,0.983343780040741,207.65542602539062,269.2770080566406,0.936697244644165
209,203.81922912597656,177.95327758789062,0.9164351224899292,207.717529296875,225.38967895507812,0.9800040125846863,207.6219940185547,268.6601257324219,0.94318687915802
210,203.91464233398438,178.76979064941406,0.9282424449920654,207.65147399902344,227.7146453857422,0.9803860783576965,207.41549682617188,268.8515625,0.9507725238800049
211,200.95730590820312,177.51220703125,0.9348258972167969,206.15492248535156,227.1947021484375,0.9807511568069458,208.1002655029297,269.0853271484375,0.9556223750114441
212,201.73365783691406,177.66763305664062,0.9291843175888062,205.83973693847656,228.4931182861328,0.9789711236953735,205.58946228027344,269.3594970703125,0.9490018486976624
213,200.86566162109375,179.3723602294922,0.9422879219055176,202.9247283935547,227.0607452392578,0.9707940220832825,204.5365447998047,269.5954284667969,0.9516034722328186
214,200.66770935058594,179.64768981933594,0.9472317695617676,203.02383422851562,227.50308227539062,0.9708974957466125,205.24462890625,269.119140625,0.9497339725494385
215,199.859619140625,178.5450439453125,0.9523200988769531,205.56784057617188,229.60377502441406,0.9760860204696655,204.62002563476562,269.531982421875,0.9493781924247742
216,199.65835571289062,179.12091064453125,0.9496092796325684,204.1031951904297,228.6431121826172,0.9709773063659668,204.3995361328125,269.3880615234375,0.9134957790374756
217,199.35279846191406,179.968505859375,0.9529337286949158,204.33761596679688,228.46646118164062,0.9716812968254089,203.93014526367188,268.922119140625,0.9181980490684509
218,200.08145141601562,181.23611450195312,0.9438253045082092,206.24359130859375,231.1763153076172,0.975129246711731,203.22586059570312,268.9549255371094,0.8905274271965027
219,199.83473205566406,181.9217529296875,0.9455932378768921,206.10519409179688,231.09925842285156,0.9738798141479492,205.21112060546875,269.0963439941406,0.9274919033050537
220,200.19488525390625,180.8021240234375,0.9467772245407104,205.9512176513672,230.73388671875,0.9750426411628723,205.20501708984375,269.5474853515625,0.9311535954475403
221,201.12301635742188,180.82412719726562,0.9394019842147827,204.3665771484375,227.65505981445312,0.968665599822998,205.59869384765625,269.290771484375,0.9252129793167114
222,200.78948974609375,180.9726104736328,0.9441349506378174,204.1624755859375,227.96539306640625,0.9708922505378723,205.54168701171875,269.419921875,0.92160964012146
223,200.96395874023438,180.17323303222656,0.945970892906189,204.03221130371094,227.97518920898438,0.9722697138786316,205.32916259765625,270.1168518066406,0.9428569674491882
224,200.75111389160156,179.94686889648438,0.9454239010810852,204.53387451171875,227.83689880371094,0.9715971946716309,205.02145385742188,269.7213439941406,0.9279958009719849
225,200.65602111816406,179.07679748535156,0.9424501061439514,204.19906616210938,227.99786376953125,0.9706506133079529,205.4332733154297,271.2884521484375,0.9401040077209473
226,200.43905639648438,179.480224609375,0.9443292617797852,204.5446319580078,227.889404296875,0.9689944386482239,205.32073974609375,270.0829162597656,0.9397571682929993
227,200.73651123046875,179.73451232910156,0.9438081383705139,205.50802612304688,229.97877502441406,0.9753217697143555,205.4347381591797,270.5166015625,0.9345296025276184
228,201.17251586914062,177.77670288085938,0.9388599991798401,205.13800048828125,229.00665283203125,0.9739739894866943,205.95132446289062,268.8798522949219,0.9359650015830994
229,200.42239379882812,178.25816345214844,0.9492426514625549,205.07945251464844,230.55914306640625,0.9725232124328613,206.43887329101562,269.1394958496094,0.9520126581192017
230,199.4055633544922,177.4091339111328,0.9564428329467773,205.01748657226562,229.30914306640625,0.9705513119697571,206.99693298339844,268.755859375,0.9594219326972961
231,199.08628845214844,177.13352966308594,0.9611807465553284,204.7034912109375,229.32037353515625,0.9660220742225647,206.11788940429688,268.5601806640625,0.9442539811134338
232,199.6438751220703,177.69027709960938,0.95611971616745,202.81312561035156,227.3826904296875,0.9668933153152466,206.3848876953125,268.3001403808594,0.9301482439041138
233,199.81077575683594,177.93630981445312,0.9550660848617554,205.26052856445312,230.23300170898438,0.969569742679596,206.16783142089844,268.9063415527344,0.9240446090698242
234,199.3203125,178.37425231933594,0.9578568935394287,202.44873046875,227.43167114257812,0.968521773815155,204.46014404296875,268.64141845703125,0.9025272130966187
235,199.55950927734375,178.30575561523438,0.9555478096008301,202.73580932617188,228.17532348632812,0.9677414298057556,205.5535125732422,269.88348388671875,0.9344987869262695
236,200.99053955078125,179.54872131347656,0.9441363215446472,203.58749389648438,228.4741668701172,0.9690294861793518,204.9993438720703,271.5180358886719,0.9432383179664612
237,200.33956909179688,179.61749267578125,0.9446970224380493,203.7866973876953,228.58319091796875,0.9696307182312012,204.09481811523438,272.1075134277344,0.9423569440841675
238,200.4768524169922,179.19357299804688,0.9433302879333496,203.43394470214844,228.48370361328125,0.9692599773406982,205.24427795410156,271.7052307128906,0.9494183659553528
239,200.4512939453125,179.08059692382812,0.9426175355911255,203.82334899902344,228.50967407226562,0.9705576300621033,205.46441650390625,271.46856689453125,0.9523712396621704
240,200.49057006835938,181.82127380371094,0.9421883225440979,206.40512084960938,231.5696258544922,0.9711635708808899,205.73422241210938,271.9098815917969,0.9597376585006714
241,201.68727111816406,183.77247619628906,0.9380239844322205,206.28668212890625,228.41635131835938,0.970952033996582,206.4788360595703,270.8082580566406,0.9557231068611145
242,201.72743225097656,184.1545867919922,0.9373227953910828,205.51394653320312,228.2013702392578,0.9694415926933289,205.58901977539062,270.9940185546875,0.950145423412323
243,199.91200256347656,181.5868682861328,0.946625292301178,206.014892578125,230.6485595703125,0.9762227535247803,204.7573699951172,271.5707092285156,0.953031063079834
244,202.4025421142578,183.9095916748047,0.9453071355819702,206.93618774414062,231.13311767578125,0.9770071506500244,205.24102783203125,271.7477722167969,0.9560884237289429
245,203.4696502685547,182.82420349121094,0.9428033828735352,207.19778442382812,231.14476013183594,0.976015031337738,206.28257751464844,271.4327087402344,0.9609752893447876
246,200.63394165039062,181.08790588378906,0.9432804584503174,205.8434600830078,230.83607482910156,0.9692660570144653,207.1649932861328,271.06219482421875,0.9624040126800537
247,203.02760314941406,184.43753051757812,0.9416287541389465,206.58152770996094,231.7713623046875,0.9682801365852356,205.22613525390625,271.55029296875,0.9576303362846375
248,203.54946899414062,183.51467895507812,0.9425334334373474,207.05484008789062,232.0990447998047,0.9671149253845215,204.9536895751953,272.5010070800781,0.9579795002937317
249,204.31053161621094,183.34072875976562,0.9441319704055786,206.56309509277344,229.59764099121094,0.967260479927063,203.5961151123047,272.4561462402344,0.9480262994766235
250,203.43650817871094,182.85662841796875,0.9390848278999329,206.69688415527344,231.19224548339844,0.968438982963562,204.52171325683594,272.13201904296875,0.9604257345199585
251,203.5172882080078,183.01040649414062,0.9391779899597168,206.59072875976562,231.4121856689453,0.9692493677139282,204.45065307617188,271.99444580078125,0.958011269569397
252,201.96246337890625,183.956787109375,0.9356299042701721,207.3212432861328,232.5306396484375,0.9706547260284424,207.0099639892578,271.61505126953125,0.9669865369796753
253,202.88063049316406,183.96240234375,0.9368467330932617,205.5853729248047,231.21778869628906,0.9629970788955688,207.15179443359375,271.9926452636719,0.962455153465271
254,202.10194396972656,184.52120971679688,0.9306882619857788,205.30838012695312,230.7091064453125,0.9623122811317444,205.26612854003906,272.5413513183594,0.9518316984176636
255,201.0234375,182.72288513183594,0.9291967749595642,203.6508331298828,231.49227905273438,0.9632018804550171,204.4302520751953,273.423583984375,0.9545558094978333
256,200.1233673095703,185.71531677246094,0.9210799932479858,204.0936737060547,232.4086456298828,0.9567436575889587,203.75135803222656,273.1204833984375,0.9374203085899353
257,200.1504669189453,184.64990234375,0.9301886558532715,203.3793182373047,232.9408416748047,0.9492355585098267,201.3262939453125,276.52301025390625,0.9392223358154297
258,198.9694366455078,187.19618225097656,0.9468702077865601,204.4993438720703,236.87637329101562,0.9321362972259521,200.974609375,278.1581726074219,0.9329651594161987
259,197.66905212402344,189.83929443359375,0.9336290955543518,203.9192657470703,235.7890167236328,0.934050440788269,201.6632537841797,277.86334228515625,0.9349339604377747
260,196.92298889160156,191.11407470703125,0.9482171535491943,202.1605987548828,237.8338165283203,0.9497281908988953,201.0491943359375,280.00787353515625,0.9186369776725769
261,197.12432861328125,193.30528259277344,0.9602460861206055,201.92819213867188,239.520751953125,0.948492705821991,201.00929260253906,280.7991027832031,0.9102982878684998
262,197.0703125,193.72523498535156,0.9600515365600586,200.78515625,240.56979370117188,0.9784736037254333,198.53570556640625,281.28411865234375,0.9309349060058594
263,196.60055541992188,194.75048828125,0.9611091613769531,200.82220458984375,240.99620056152344,0.978744626045227,200.73748779296875,282.4935607910156,0.9226592779159546
264,194.1652374267578,197.13650512695312,0.9657917022705078,200.5620574951172,244.51156616210938,0.9858387112617493,201.82508850097656,283.3203125,0.9156198501586914
265,195.57986450195312,198.92062377929688,0.9520519971847534,199.30899047851562,246.7611083984375,0.9864130020141602,200.5164794921875,285.4123840332031,0.9331105947494507
266,192.614501953125,201.83856201171875,0.9243519902229309,198.24957275390625,248.1907196044922,0.9845617413520813,199.85043334960938,286.38818359375,0.9502153992652893
267,192.38174438476562,205.4877471923828,0.9272271394729614,197.30264282226562,250.57684326171875,0.9828689098358154,196.16885375976562,286.943359375,0.9659071564674377
268,191.40565490722656,206.6759033203125,0.9020700454711914,195.84396362304688,252.77536010742188,0.9851476550102234,196.66346740722656,290.5192565917969,0.9787038564682007
269,191.72666931152344,208.70416259765625,0.9440034031867981,195.11260986328125,255.14889526367188,0.9825232028961182,194.53799438476562,292.38275146484375,0.9759028553962708
270,189.73675537109375,210.5495147705078,0.9437981247901917,193.57424926757812,254.3572540283203,0.9863496422767639,192.3085479736328,293.0064392089844,0.973159670829773
271,189.1167755126953,213.64306640625,0.9434362649917603,192.42074584960938,256.95037841796875,0.9881263971328735,193.19302368164062,299.0970764160156,0.9448050260543823
272,186.86830139160156,214.84486389160156,0.9342500567436218,191.54782104492188,259.6022033691406,0.9873278737068176,193.47305297851562,299.3207092285156,0.9357970356941223
273,183.3470916748047,213.3834228515625,0.9345369935035706,189.25344848632812,261.92169189453125,0.9773539900779724,188.16946411132812,302.1612854003906,0.9371734857559204
274,181.94859313964844,216.70663452148438,0.9252544045448303,186.9775848388672,263.5287170410156,0.9621272087097168,187.1385498046875,304.3448486328125,0.9477997422218323
275,180.40829467773438,219.18995666503906,0.9400405883789062,187.4601287841797,266.68768310546875,0.9491127729415894,185.74853515625,306.0543518066406,0.9445570111274719
276,180.27346801757812,222.09202575683594,0.9565339088439941,185.30831909179688,269.9020080566406,0.9728922843933105,183.17149353027344,309.5029602050781,0.9578181505203247
277,178.3538055419922,224.17190551757812,0.9685895442962646,184.20538330078125,273.2074279785156,0.9798141121864319,181.6152801513672,313.69500732421875,0.9431174397468567
278,177.0376739501953,226.23776245117188,0.9707990884780884,183.57127380371094,275.1683044433594,0.9870393872261047,181.66021728515625,313.6627502441406,0.9417722821235657
279,175.53871154785156,227.05642700195312,0.9680995941162109,182.47174072265625,276.2687072753906,0.9883648157119751,181.25613403320312,314.6991882324219,0.9430320858955383
280,175.46788024902344,226.39675903320312,0.9663501977920532,182.1964874267578,277.4501953125,0.9878233671188354,179.33372497558594,316.55584716796875,0.9372813105583191
281,175.3271484375,228.11705017089844,0.9608607292175293,180.8153839111328,278.56671142578125,0.9881436228752136,179.07830810546875,319.5170593261719,0.9761210680007935
282,175.23391723632812,228.6398468017578,0.9456871151924133,181.06515502929688,280.0862731933594,0.9853717684745789,178.63946533203125,319.6003112792969,0.9824056029319763
283,171.2036895751953,232.60137939453125,0.9237843155860901,180.69619750976562,281.2021179199219,0.9825619459152222,176.9429931640625,320.1856384277344,0.9805354475975037
284,171.57618713378906,233.39419555664062,0.9212481379508972,179.21188354492188,282.0374450683594,0.9798105955123901,175.80172729492188,320.9667663574219,0.9816510677337646
285,171.51687622070312,232.8306121826172,0.9320147633552551,178.96180725097656,282.3451232910156,0.976074755191803,175.77056884765625,321.6319580078125,0.9835501909255981
286,171.69586181640625,233.48590087890625,0.9205684065818787,179.0664520263672,282.61822509765625,0.9791594743728638,175.5805206298828,320.4290466308594,0.9788778424263
287,175.18931579589844,233.05142211914062,0.937868058681488,178.81251525878906,280.48455810546875,0.9844921827316284,174.32553100585938,321.1023254394531,0.9780586957931519
288,172.7120361328125,230.46083068847656,0.9347671866416931,179.24342346191406,279.6152648925781,0.9881131052970886,175.37867736816406,320.6104431152344,0.9793552756309509
289,173.7986602783203,230.2139434814453,0.9364104270935059,178.3367462158203,279.7178649902344,0.987149715423584,173.57943725585938,321.3951110839844,0.9803850650787354
290,173.739990234375,231.1902618408203,0.9367080926895142,178.99549865722656,279.1698913574219,0.9883697032928467,175.16217041015625,321.2068176269531,0.9826322793960571
291,173.49693298339844,230.0460968017578,0.9289801120758057,179.4222869873047,278.5885009765625,0.987691342830658,176.1390838623047,321.06903076171875,0.9805895090103149
292,172.9724578857422,229.6593475341797,0.9322607517242432,179.32791137695312,278.4375,0.9889201521873474,175.2504425048828,320.69659423828125,0.9825473427772522
293,175.204833984375,228.52340698242188,0.9459778666496277,179.35687255859375,278.5373840332031,0.990116536617279,175.12551879882812,320.75006103515625,0.9796009659767151
294,174.747802734375,228.43905639648438,0.9411073923110962,180.1326446533203,279.239501953125,0.9887181520462036,175.25257873535156,320.640625,0.9823676347732544
295,175.72042846679688,228.54818725585938,0.9548932313919067,181.4611358642578,278.3478698730469,0.9904223680496216,177.0861053466797,320.48638916015625,0.9838000535964966
296,175.26602172851562,229.22409057617188,0.9528751969337463,181.8717498779297,279.2613525390625,0.9886999726295471,176.14996337890625,320.2835998535156,0.9816024899482727
297,175.54843139648438,229.9343719482422,0.9542218446731567,182.00592041015625,278.64727783203125,0.9896454811096191,178.59262084960938,319.79534912109375,0.9815546870231628
298,176.19580078125,229.3432159423828,0.9638104438781738,183.38929748535156,280.0298156738281,0.9870856404304504,178.2698974609375,319.3875427246094,0.9826604723930359
299,177.12301635742188,229.82437133789062,0.9685195088386536,183.27175903320312,279.2106018066406,0.9876205325126648,178.74610900878906,319.1086120605469,0.9796764850616455
300,177.07754516601562,227.99771118164062,0.9709764122962952,182.49046325683594,279.5802307128906,0.98807293176651,177.14540100097656,318.9300537109375,0.9823322892189026
301,177.24127197265625,228.02198791503906,0.9732640981674194,183.38320922851562,278.91497802734375,0.9888482093811035,178.91624450683594,318.597900390625,0.9786472320556641
302,177.8721923828125,227.75723266601562,0.9755033850669861,184.0519256591797,279.3348388671875,0.9862977266311646,178.04286193847656,317.8202209472656,0.9818545579910278
303,177.81956481933594,228.14500427246094,0.9774665236473083,184.512939453125,278.9087219238281,0.9864077568054199,179.62330627441406,317.4680480957031,0.9730786085128784
304,178.4337921142578,227.097900390625,0.9769724607467651,186.052734375,279.74505615234375,0.9825279116630554,180.98446655273438,318.2971496582031,0.97116619348526
305,178.6085205078125,228.89976501464844,0.9715476036071777,185.98170471191406,278.8094482421875,0.9823466539382935,181.45225524902344,318.6533508300781,0.9722920060157776
306,180.77761840820312,228.00978088378906,0.9653016924858093,187.41737365722656,279.6341552734375,0.9746734499931335,183.0497589111328,317.51507568359375,0.9500283598899841
307,180.23318481445312,227.30691528320312,0.9724570512771606,187.75335693359375,278.2819519042969,0.9719199538230896,183.7218017578125,318.09210205078125,0.9329994916915894
308,181.6069793701172,227.14512634277344,0.9628812670707703,187.2698211669922,276.94158935546875,0.9699334502220154,184.19566345214844,318.0542297363281,0.9257311224937439
309,183.59075927734375,225.97146606445312,0.9487485289573669,189.00970458984375,277.800048828125,0.9728819131851196,187.04583740234375,318.9862060546875,0.9321870803833008
310,184.29055786132812,225.64488220214844,0.9415249824523926,190.01622009277344,277.4639587402344,0.9781930446624756,189.75282287597656,319.15753173828125,0.9637947082519531
311,187.71510314941406,227.875,0.9396058917045593,190.90182495117188,276.06103515625,0.9865326881408691,189.46722412109375,317.6791076660156,0.9309409856796265
312,187.12496948242188,228.7563018798828,0.9398807883262634,191.5992889404297,276.6481018066406,0.9865195751190186,189.5018310546875,318.8282470703125,0.9521143436431885
313,190.1246795654297,227.86935424804688,0.9422965049743652,193.27931213378906,274.9344177246094,0.9900333285331726,190.38873291015625,317.8747863769531,0.9360475540161133
314,191.27828979492188,227.51573181152344,0.9432451128959656,194.21792602539062,273.99774169921875,0.989071249961853,191.63291931152344,317.5751647949219,0.9405806660652161
315,191.28543090820312,226.9307861328125,0.9411493539810181,195.73605346679688,273.2485656738281,0.9893860816955566,191.8360137939453,316.71875,0.9449677467346191
316,192.28952026367188,226.2124786376953,0.9532231688499451,197.0173797607422,271.4776306152344,0.9839795827865601,192.4209442138672,314.0675964355469,0.9468191266059875
317,193.17918395996094,225.767578125,0.9577516913414001,197.84837341308594,270.6862487792969,0.9836797118186951,192.71742248535156,314.99737548828125,0.947009801864624
318,194.05303955078125,224.82736206054688,0.9637463092803955,198.2504425048828,271.5152893066406,0.9843934178352356,191.55332946777344,312.6829528808594,0.9545446634292603
319,194.3666229248047,224.91275024414062,0.9665960669517517,200.2545623779297,270.6358337402344,0.979152262210846,195.0553741455078,310.85260009765625,0.9642470479011536
320,195.006103515625,222.8666534423828,0.9541946649551392,199.8329620361328,270.1361389160156,0.9741446375846863,195.39309692382812,309.73138427734375,0.9679821729660034
321,196.39170837402344,222.49142456054688,0.9545556306838989,203.28744506835938,269.2980041503906,0.9637542963027954,198.44822692871094,307.1609802246094,0.9636074900627136
322,197.37387084960938,222.32725524902344,0.9455054998397827,202.93524169921875,269.00244140625,0.9637252688407898,198.96347045898438,308.07452392578125,0.9679888486862183
323,196.98605346679688,221.09597778320312,0.9362471699714661,203.92990112304688,268.4278564453125,0.956230103969574,199.29327392578125,306.4239196777344,0.9608666300773621
324,197.92910766601562,221.36373901367188,0.9305797815322876,204.3314971923828,268.4392395019531,0.9504570960998535,198.70477294921875,308.2149658203125,0.9540855288505554
325,198.26927185058594,221.47317504882812,0.9368962049484253,204.73757934570312,270.1685485839844,0.93768310546875,200.79791259765625,307.7455139160156,0.9473800659179688
326,198.77029418945312,219.5281982421875,0.9253569841384888,205.9473114013672,269.5704345703125,0.9567383527755737,202.99522399902344,307.17913818359375,0.9523656368255615
327,199.21315002441406,219.6807403564453,0.91976398229599,205.58078002929688,267.7591552734375,0.9458661675453186,203.10769653320312,306.4583435058594,0.9560852646827698
328,199.63565063476562,218.04202270507812,0.9145921468734741,206.58938598632812,266.46728515625,0.9502124786376953,202.9722137451172,305.9477844238281,0.964131772518158
329,200.62185668945312,216.8731231689453,0.8972824811935425,207.42088317871094,265.6795654296875,0.9645136594772339,204.42221069335938,305.7391357421875,0.9713979363441467
330,202.6680145263672,215.9759979248047,0.9081991910934448,207.80323791503906,264.8647155761719,0.9728729724884033,205.0387420654297,303.92694091796875,0.972292959690094
331,202.63194274902344,215.04058837890625,0.9225897789001465,208.4347381591797,262.4974060058594,0.9875054359436035,206.92869567871094,302.42132568359375,0.9671652317047119
332,203.35777282714844,214.0308837890625,0.9281236529350281,208.45106506347656,261.42010498046875,0.9878323078155518,207.26722717285156,301.6373291015625,0.9646424651145935
333,203.09385681152344,213.00259399414062,0.9292407035827637,209.90501403808594,259.1571350097656,0.9914445281028748,210.21923828125,300.6427001953125,0.940911591053009
334,204.4670867919922,210.65322875976562,0.9279823899269104,210.0826873779297,258.3517150878906,0.9915158748626709,209.83370971679688,300.34228515625,0.9415676593780518
335,202.80422973632812,212.89834594726562,0.9284723997116089,209.5056610107422,256.4549255371094,0.990532398223877,209.13204956054688,298.8335266113281,0.9379751086235046
336,203.8509521484375,211.26202392578125,0.9137654304504395,210.5252227783203,255.01345825195312,0.9888038039207458,210.1487274169922,297.7221374511719,0.9448540806770325
337,206.51161193847656,209.22219848632812,0.9352397918701172,210.47689819335938,254.5091552734375,0.9856905341148376,208.75048828125,296.3572998046875,0.9453171491622925
338,206.9013214111328,207.81509399414062,0.9316287636756897,210.84486389160156,255.10592651367188,0.9783937335014343,211.7527618408203,294.3464660644531,0.9651216864585876
339,207.61900329589844,208.21014404296875,0.9245011210441589,211.5314178466797,253.916748046875,0.9817318320274353,212.2064666748047,292.64605712890625,0.9726668000221252
340,207.87820434570312,206.3069305419922,0.9183831214904785,210.68470764160156,252.08299255371094,0.9795181155204773,211.40162658691406,291.0334777832031,0.9751834273338318
341,209.221923828125,204.7248077392578,0.933022677898407,210.17315673828125,249.96707153320312,0.9758278131484985,212.10105895996094,287.90460205078125,0.9677151441574097
342,207.30894470214844,201.67030334472656,0.9213014245033264,210.5426788330078,248.09463500976562,0.9872881174087524,212.26437377929688,286.5276184082031,0.9670630097389221
343,208.8323516845703,198.16015625,0.922474205493927,209.75978088378906,246.03671264648438,0.9868927597999573,210.791748046875,284.7513427734375,0.9546858668327332
344,209.11033630371094,196.86207580566406,0.9399785995483398,210.14178466796875,243.9447021484375,0.9888943433761597,212.0873565673828,285.15667724609375,0.9493804574012756
345,207.50289916992188,196.60919189453125,0.9280331134796143,210.1327667236328,242.98916625976562,0.9916096329689026,212.7674560546875,284.5718994140625,0.9499521851539612
346,205.8928680419922,194.33221435546875,0.9127432703971863,209.7212677001953,241.00277709960938,0.9894524812698364,212.15074157714844,282.58026123046875,0.944624125957489
347,207.95074462890625,192.73155212402344,0.9290870428085327,208.745849609375,237.91552734375,0.9765006303787231,209.1898193359375,279.1642761230469,0.9570534825325012
348,206.56787109375,192.71055603027344,0.9208879470825195,210.55213928222656,238.24659729003906,0.9812201261520386,211.6448516845703,278.5621337890625,0.9702009558677673
349,208.54623413085938,190.37820434570312,0.9209046363830566,210.49172973632812,237.93247985839844,0.9798272848129272,211.2984161376953,277.4248046875,0.9768879413604736
350,207.53834533691406,187.11639404296875,0.9256021976470947,210.458984375,234.63735961914062,0.9770470261573792,210.90528869628906,272.6285095214844,0.9685676097869873
351,209.52609252929688,184.48410034179688,0.95005202293396,211.01393127441406,231.05398559570312,0.9873850345611572,210.9308624267578,269.7989807128906,0.9431729912757874
352,208.2971649169922,182.63999938964844,0.9132113456726074,210.26515197753906,229.53512573242188,0.989174485206604,212.71055603027344,271.1290283203125,0.9498573541641235
353,211.6063995361328,179.09359741210938,0.9351747035980225,211.0843963623047,227.45404052734375,0.9893745183944702,213.29031372070312,268.5191955566406,0.9375868439674377
354,210.0668487548828,175.86361694335938,0.9151971936225891,210.5055694580078,224.26512145996094,0.9866264462471008,213.10635375976562,267.7332458496094,0.939970850944519
355,211.10951232910156,173.49986267089844,0.9391223192214966,210.6086883544922,223.407470703125,0.9818379282951355,211.66505432128906,264.67724609375,0.9552299976348877
356,210.0523223876953,172.14418029785156,0.9366587400436401,210.29653930664062,221.86383056640625,0.9761632084846497,211.40145874023438,262.4922180175781,0.968428373336792
357,210.72515869140625,171.7173614501953,0.9411739110946655,210.67335510253906,223.69775390625,0.9759376645088196,210.9605712890625,263.88165283203125,0.9605672955513
358,210.12930297851562,172.29324340820312,0.939654529094696,211.0931396484375,221.58262634277344,0.9751757383346558,212.67486572265625,264.0702209472656,0.9559598565101624
359,210.6063690185547,172.70648193359375,0.9424819946289062,209.79539489746094,222.2938232421875,0.9755467176437378,210.97898864746094,264.0544738769531,0.9613089561462402
360,207.80612182617188,172.14511108398438,0.9269732236862183,209.79379272460938,222.43177795410156,0.9782735705375671,210.7051239013672,263.8931579589844,0.9598709940910339
361,209.97488403320312,173.08984375,0.9184218645095825,209.70191955566406,222.48988342285156,0.9800907969474792,210.2379913330078,264.3330383300781,0.9566802978515625
362,210.2685546875,175.85694885253906,0.9242594242095947,209.26348876953125,222.48146057128906,0.9799739122390747,209.97389221191406,265.0809326171875,0.9526046514511108
363,209.1730194091797,174.9757843017578,0.9277610778808594,208.79647827148438,222.96383666992188,0.9799889326095581,209.79022216796875,264.923583984375,0.9519871473312378
364,209.4538116455078,174.8454132080078,0.9255443215370178,209.75205993652344,222.43807983398438,0.9796034693717957,210.6389617919922,264.37835693359375,0.9636998176574707
365,208.9292755126953,172.02920532226562,0.9302533268928528,210.8122100830078,222.93310546875,0.9817438125610352,210.76515197753906,265.91302490234375,0.9453021287918091
366,207.5657196044922,171.8607940673828,0.9197931289672852,209.88677978515625,222.5909881591797,0.9792580008506775,211.91433715820312,264.4263916015625,0.953551709651947
367,209.7230224609375,171.92178344726562,0.9411550164222717,211.75672912597656,221.9586181640625,0.9779451489448547,213.5360107421875,264.1227722167969,0.9523312449455261
368,209.90399169921875,172.6418914794922,0.9282458424568176,212.0815887451172,221.91261291503906,0.9775462746620178,213.24453735351562,263.56854248046875,0.9467388391494751
369,211.3565216064453,170.44798278808594,0.9502450823783875,213.27984619140625,223.00743103027344,0.9800733923912048,214.65292358398438,263.2171630859375,0.9406929016113281
370,212.9424591064453,169.7977752685547,0.9303610920906067,214.3156280517578,222.3971710205078,0.97971111536026,214.394775390625,264.47869873046875,0.9285150766372681
371,213.592041015625,171.1748809814453,0.942279577255249,215.25685119628906,222.4541778564453,0.978251576423645,215.4918212890625,264.27301025390625,0.9234963655471802
372,216.8805694580078,169.83287048339844,0.9089195132255554,217.34109497070312,220.09759521484375,0.9636525511741638,217.7952880859375,262.3157043457031,0.933115541934967
373,223.3304901123047,169.901611328125,0.9219207167625427,217.909912109375,219.90512084960938,0.926337718963623,219.52047729492188,262.46795654296875,0.9287017583847046
374,225.52276611328125,168.756591796875,0.940169095993042,224.11373901367188,221.12216186523438,0.9626408219337463,223.79058837890625,259.5256652832031,0.9724591970443726
375,227.72384643554688,168.80307006835938,0.9391039609909058,227.63632202148438,220.5536346435547,0.9755104184150696,226.2388916015625,259.71502685546875,0.9780521988868713
376,230.9210662841797,168.63783264160156,0.9211662411689758,232.65435791015625,220.58258056640625,0.9711682796478271,229.451904296875,259.7463684082031,0.9713116884231567
377,236.0073699951172,167.01377868652344,0.9153487086296082,233.625,221.0001983642578,0.958056628704071,231.9348602294922,260.556396484375,0.9598634839057922
378,234.5977020263672,165.99185180664062,0.9122743606567383,234.04212951660156,220.45803833007812,0.9553648829460144,232.32516479492188,260.27825927734375,0.9522351622581482
379,235.39207458496094,167.02796936035156,0.9069422483444214,233.27064514160156,220.93658447265625,0.9672893285751343,232.53392028808594,261.5726013183594,0.9460209608078003
380,232.01145935058594,168.5752410888672,0.9071350693702698,232.1501007080078,221.1344451904297,0.9736486077308655,232.5106658935547,260.16448974609375,0.947234570980072
381,232.71852111816406,168.6880340576172,0.8990355134010315,232.40675354003906,221.00303649902344,0.9715735912322998,231.706298828125,260.06866455078125,0.955493688583374
382,236.0931854248047,167.99476623535156,0.8935657739639282,233.5251922607422,221.07017517089844,0.9516018033027649,234.01551818847656,260.8210144042969,0.9408146142959595
383,236.91610717773438,167.74244689941406,0.879352867603302,233.34048461914062,221.54586791992188,0.9583281874656677,233.0152587890625,259.926513671875,0.9485012888908386
384,235.9437713623047,166.96446228027344,0.8847298622131348,233.21875,220.8892059326172,0.9642756581306458,232.45335388183594,261.7847595214844,0.9550194144248962
385,234.49801635742188,167.85107421875,0.8820889592170715,232.46580505371094,222.4610137939453,0.9633669257164001,231.8738555908203,263.4790954589844,0.9355455040931702
386,235.08045959472656,167.10238647460938,0.884231448173523,233.9300994873047,222.45352172851562,0.9594083428382874,233.89920043945312,265.96600341796875,0.9063182473182678
387,237.418212890625,168.9916534423828,0.8965579867362976,232.84120178222656,222.28643798828125,0.9454472064971924,234.09228515625,266.0556640625,0.8872634172439575
388,236.919189453125,169.3629608154297,0.8606453537940979,233.73838806152344,225.6434326171875,0.9619044661521912,234.06903076171875,268.70928955078125,0.9157389402389526
389,230.6719207763672,177.25320434570312,0.9265050292015076,233.23654174804688,229.32481384277344,0.9688932299613953,233.5995330810547,272.491943359375,0.9283851385116577
390,231.0643310546875,183.49365234375,0.886055588722229,233.60601806640625,233.05108642578125,0.9518690705299377,235.19393920898438,274.9404296875,0.9450740814208984
391,228.93707275390625,186.05023193359375,0.9372273087501526,233.3813018798828,234.3897705078125,0.9634120464324951,236.11000061035156,273.9989318847656,0.9654896855354309
392,230.15736389160156,183.63778686523438,0.9134227633476257,232.6154327392578,232.63807678222656,0.9660429358482361,233.71121215820312,274.08721923828125,0.9354680776596069
393,229.69981384277344,183.9673309326172,0.9268906712532043,232.59962463378906,232.54013061523438,0.9651898741722107,234.31277465820312,274.6554870605469,0.9368374943733215
394,228.44656372070312,184.73837280273438,0.9439924955368042,232.57655334472656,233.6666259765625,0.9656067490577698,234.63467407226562,275.8484802246094,0.9473907351493835
395,228.6866455078125,185.1519775390625,0.9390932321548462,232.99850463867188,232.621337890625,0.9637155532836914,233.94749450683594,276.0223083496094,0.9457412958145142
396,226.9862823486328,186.37710571289062,0.9464232325553894,231.7109375,234.1418914794922,0.9726550579071045,234.94395446777344,274.9793395996094,0.9462644457817078
397,227.73776245117188,185.49209594726562,0.9438025951385498,232.36199951171875,233.8573760986328,0.9686883687973022,235.30621337890625,277.3829650878906,0.9465487003326416
398,228.16824340820312,186.5343475341797,0.9465667605400085,231.62960815429688,234.51377868652344,0.9736309051513672,235.695068359375,275.0027770996094,0.9479178786277771
399,229.6754913330078,185.88909912109375,0.9419353604316711,231.56617736816406,234.17027282714844,0.9705742001533508,235.91163635253906,277.2222595214844,0.9446081519126892
400,228.7866973876953,186.52227783203125,0.9427119493484497,231.3059844970703,234.41180419921875,0.9742890000343323,236.420166015625,277.1095886230469,0.9458138942718506
401,228.75730895996094,185.79518127441406,0.9444843530654907,231.38453674316406,233.8906707763672,0.9727709889411926,235.7111358642578,277.158203125,0.9475377798080444
