scorer,DLC_mobnet_100_force_vitesse_powerFeb18shuffle1_48000,DLC_mobnet_100_force_vitesse_powerFeb18shuffle1_48000,DLC_mobnet_100_force_vitesse_powerFeb18shuffle1_48000,DLC_mobnet_100_force_vitesse_powerFeb18shuffle1_48000,DLC_mobnet_100_force_vitesse_powerFeb18shuffle1_48000,DLC_mobnet_100_force_vitesse_powerFeb18shuffle1_48000,DLC_mobnet_100_force_vitesse_powerFeb18shuffle1_48000,DLC_mobnet_100_force_vitesse_powerFeb18shuffle1_48000,DLC_mobnet_100_force_vitesse_powerFeb18shuffle1_48000
bodyparts,haut,haut,haut,milieu,milieu,milieu,bas,bas,bas
coords,x,y,likelihood,x,y,likelihood,x,y,likelihood
0,261.2247619628906,172.09165954589844,0.9998268485069275,273.45465087890625,224.7615509033203,0.9999598264694214,275.1874084472656,271.9102783203125,0.9997583031654358
1,261.2247619628906,172.35655212402344,0.9997995495796204,273.5086975097656,225.0707550048828,0.999953031539917,275.6954345703125,271.947998046875,0.9997755885124207
2,261.95770263671875,172.50363159179688,0.9998229146003723,273.5899658203125,225.5507049560547,0.9999384880065918,275.6954345703125,272.5257873535156,0.9997757077217102
3,261.8620910644531,172.79763793945312,0.9997708201408386,273.5899658203125,225.5507049560547,0.9999496936798096,275.1874084472656,272.6722717285156,0.9997389912605286
4,261.8620910644531,173.28250122070312,0.9996718168258667,273.5086975097656,225.9585723876953,0.9999476671218872,274.8258056640625,272.6722717285156,0.9997710585594177
5,261.95770263671875,173.34405517578125,0.9996747970581055,273.5086975097656,227.46136474609375,0.9999550580978394,274.46917724609375,273.2887878417969,0.9997910857200623
6,262.4893798828125,174.13037109375,0.9994215965270996,273.5899658203125,227.61614990234375,0.9999518394470215,274.4169921875,274.0029296875,0.9997653365135193
7,263.6983947753906,174.13037109375,0.9994945526123047,273.81640625,227.7626495361328,0.9999544620513916,274.4169921875,274.0029296875,0.9997944235801697
8,264.2415771484375,174.1662139892578,0.999171257019043,273.80572509765625,227.7626495361328,0.9999587535858154,274.4169921875,274.0029296875,0.9997867941856384
9,264.5299072265625,176.24110412597656,0.9991230368614197,273.81640625,227.7626495361328,0.9999593496322632,274.7469482421875,274.0029296875,0.9997944235801697
10,264.65521240234375,174.13037109375,0.9992905855178833,273.81640625,227.6868133544922,0.9999585151672363,274.88629150390625,273.94671630859375,0.9998090863227844
11,264.7072448730469,173.81924438476562,0.9992178678512573,274.00946044921875,227.3353271484375,0.9999607801437378,275.1378479003906,273.94671630859375,0.9998053908348083
12,264.9879455566406,173.67819213867188,0.9991790652275085,274.00946044921875,227.0890655517578,0.9999576807022095,275.1965637207031,274.0729675292969,0.9998013377189636
13,265.3936767578125,173.67819213867188,0.998991072177887,274.0112609863281,226.81182861328125,0.999961256980896,275.1969299316406,273.9455871582031,0.9998277425765991
14,265.4996032714844,173.67819213867188,0.9989861845970154,274.19525146484375,226.81182861328125,0.9999617338180542,275.7440185546875,274.1336364746094,0.9998214840888977
15,265.4996032714844,173.67819213867188,0.9989411234855652,274.5358581542969,226.89010620117188,0.9999617338180542,275.9277038574219,274.1336364746094,0.9998149275779724
16,265.7138977050781,175.0410919189453,0.9989569187164307,274.7422180175781,226.89010620117188,0.9999635219573975,276.4019775390625,274.1104736328125,0.9998156428337097
17,266.0519714355469,175.0410919189453,0.9990309476852417,274.7457275390625,227.08609008789062,0.9999663829803467,276.54864501953125,274.0050048828125,0.999817430973053
18,266.59619140625,175.0410919189453,0.9989346861839294,275.2135009765625,227.37559509277344,0.9999680519104004,276.54864501953125,274.1104736328125,0.9998093247413635
19,266.88531494140625,175.0410919189453,0.9989990592002869,275.236083984375,227.65057373046875,0.9999674558639526,276.4019775390625,274.1104736328125,0.9998077750205994
20,266.9136047363281,175.0634765625,0.9988752007484436,275.2550354003906,227.79173278808594,0.9999599456787109,276.3463134765625,274.3863220214844,0.9997959733009338
21,266.9136047363281,175.48753356933594,0.9990596175193787,275.3224182128906,227.9518280029297,0.9999649524688721,276.08856201171875,274.9415588378906,0.9998196959495544
22,266.88531494140625,175.48753356933594,0.9991021156311035,275.3804626464844,228.04881286621094,0.9999617338180542,275.9767761230469,274.9415588378906,0.9998185038566589
23,266.86578369140625,175.48753356933594,0.9990131855010986,275.4205322265625,228.0531463623047,0.9999649524688721,275.9767761230469,274.9415588378906,0.99981290102005
24,266.86578369140625,175.45816040039062,0.9989750385284424,275.4288330078125,228.0926513671875,0.9999663829803467,276.08856201171875,274.7109680175781,0.9997884631156921
25,266.77117919921875,175.26824951171875,0.9989356398582458,275.4734191894531,228.11289978027344,0.9999645948410034,276.1282653808594,274.7109680175781,0.999784529209137
26,266.7043762207031,175.26824951171875,0.9988915324211121,275.4734191894531,228.1531982421875,0.9999662637710571,276.2436218261719,274.5762939453125,0.9997856020927429
27,266.7040100097656,175.1632843017578,0.9989230036735535,275.4734191894531,228.1531982421875,0.9999656677246094,276.31451416015625,274.5762939453125,0.9997952580451965
28,266.7043762207031,175.0157012939453,0.9989897608757019,275.4140319824219,228.11289978027344,0.9999661445617676,276.31451416015625,274.4937438964844,0.9997833371162415
29,266.7040100097656,175.0157012939453,0.9988585710525513,275.37384033203125,228.10287475585938,0.9999650716781616,276.31451416015625,274.2430114746094,0.9997742772102356
30,266.6811218261719,174.9588165283203,0.9989328980445862,275.37322998046875,227.88375854492188,0.9999634027481079,276.1701354980469,274.2430114746094,0.9997966885566711
31,266.508056640625,174.92176818847656,0.9988411068916321,274.93939208984375,227.6100616455078,0.9999600648880005,275.8753967285156,274.216552734375,0.999795138835907
32,266.4778137207031,174.82037353515625,0.9989879727363586,274.9192199707031,227.5712432861328,0.9999632835388184,275.87451171875,274.216552734375,0.9998101592063904
33,266.2139587402344,174.78939819335938,0.9988719820976257,274.68023681640625,227.16497802734375,0.9999581575393677,275.8186340332031,274.1253967285156,0.9998013377189636
34,266.0935974121094,174.6871337890625,0.9989545345306396,274.5874938964844,227.16497802734375,0.9999606609344482,275.8186340332031,273.8811340332031,0.9997730851173401
35,265.9039306640625,173.5302734375,0.998895525932312,274.3706359863281,227.16497802734375,0.9999550580978394,275.8186340332031,273.8251037597656,0.9997848868370056
36,265.218017578125,173.50509643554688,0.9987707734107971,274.2898864746094,227.0930938720703,0.9999570846557617,276.5411376953125,273.7549743652344,0.9998000264167786
37,265.211669921875,173.47816467285156,0.9987851977348328,274.2898864746094,227.1683807373047,0.999953031539917,276.6177062988281,273.7549743652344,0.9997914433479309
38,264.95379638671875,173.44744873046875,0.9989369511604309,274.3135070800781,227.2095947265625,0.9999533891677856,276.75311279296875,273.6585388183594,0.999804675579071
39,264.95379638671875,173.4316864013672,0.9992110729217529,274.2526550292969,227.177001953125,0.9999532699584961,276.7976989746094,273.52496337890625,0.9997978806495667
40,264.9022216796875,173.4316864013672,0.9989185333251953,274.2526550292969,227.1683807373047,0.9999576807022095,276.8351135253906,272.52313232421875,0.999739944934845
41,264.95379638671875,173.44744873046875,0.9989179372787476,274.2526550292969,227.177001953125,0.9999583959579468,276.80975341796875,272.52313232421875,0.9997333884239197
42,265.005615234375,173.55088806152344,0.9991157650947571,274.1972961425781,227.203369140625,0.9999567270278931,276.80975341796875,272.52313232421875,0.9997145533561707
43,265.0449523925781,173.6200408935547,0.9989721775054932,274.19720458984375,227.203369140625,0.9999599456787109,276.7976989746094,273.25927734375,0.999771773815155
44,265.0449523925781,173.64877319335938,0.9991311430931091,274.19720458984375,227.36007690429688,0.99996018409729,276.6111145019531,273.42999267578125,0.9997639060020447
45,265.81707763671875,173.64877319335938,0.9989708662033081,274.1972961425781,227.47679138183594,0.9999622106552124,276.6111145019531,273.7203063964844,0.9997730851173401
46,265.81707763671875,174.9187469482422,0.9990513920783997,274.5653991699219,227.56234741210938,0.9999641180038452,276.6111145019531,273.7922668457031,0.9997707009315491
47,266.0715637207031,175.21800231933594,0.9990504384040833,274.97064208984375,227.6982879638672,0.9999655485153198,277.32537841796875,273.91766357421875,0.9997593760490417
48,266.841064453125,175.6649932861328,0.9991371035575867,275.3480224609375,228.17274475097656,0.9999628067016602,277.4774475097656,274.5885925292969,0.9997721314430237
49,267.0941467285156,175.9341278076172,0.9993600249290466,275.5881042480469,228.2022247314453,0.9999653100967407,277.9165344238281,275.31317138671875,0.9998026490211487
50,267.8061828613281,176.60194396972656,0.999519944190979,275.7831726074219,228.4793701171875,0.9999643564224243,277.9597473144531,275.3470153808594,0.9997779726982117
51,268.132080078125,176.88986206054688,0.9995197057723999,276.06365966796875,229.0015411376953,0.9999630451202393,277.9597473144531,275.9336853027344,0.9997716546058655
52,268.4892578125,178.01878356933594,0.9996694326400757,276.5139465332031,229.60238647460938,0.9999561309814453,279.3296813964844,276.1055603027344,0.9996926784515381
53,270.32440185546875,178.5915069580078,0.9997314810752869,277.1842346191406,229.70082092285156,0.9999557733535767,279.4820861816406,276.1055603027344,0.9996942281723022
54,271.5988464355469,179.00677490234375,0.9998025298118591,277.6157531738281,229.70082092285156,0.9999465942382812,280.4023742675781,276.1055603027344,0.9995940327644348
55,271.65350341796875,179.065673828125,0.999804675579071,277.87774658203125,229.70082092285156,0.9999518394470215,280.4090881347656,276.1055603027344,0.9996238946914673
56,271.80108642578125,179.211181640625,0.9998201727867126,277.92578125,229.72850036621094,0.999951958656311,280.7420654296875,275.9942321777344,0.9995644688606262
57,271.65350341796875,179.211181640625,0.9998337030410767,278.0455017089844,229.72850036621094,0.9999465942382812,280.7659912109375,275.98126220703125,0.9996030926704407
58,271.65350341796875,179.31454467773438,0.9998225569725037,278.0455017089844,229.991943359375,0.999947190284729,280.7659912109375,275.98126220703125,0.9995383024215698
59,271.59918212890625,179.35772705078125,0.9998061060905457,278.0455017089844,230.054443359375,0.9999469518661499,280.522216796875,276.34771728515625,0.9995030164718628
60,271.37994384765625,179.96299743652344,0.9997774958610535,277.9830322265625,230.3065643310547,0.9999456405639648,280.522216796875,277.1231384277344,0.9995885491371155
61,271.08770751953125,179.97378540039062,0.9997745156288147,277.9744567871094,230.53030395507812,0.9999455213546753,280.44830322265625,277.15081787109375,0.9997488856315613
62,271.0218811035156,179.97378540039062,0.9998133778572083,277.8077392578125,230.66976928710938,0.999947190284729,279.0281677246094,277.2867431640625,0.999599039554596
63,271.0218811035156,179.97378540039062,0.9997935891151428,277.456298828125,230.86801147460938,0.9999469518661499,278.7700500488281,277.8984069824219,0.9997397065162659
64,269.112548828125,179.97378540039062,0.9997214674949646,277.1606750488281,231.37693786621094,0.9999426603317261,278.6073303222656,277.8984069824219,0.9997279047966003
65,269.1041564941406,180.03407287597656,0.9997188448905945,276.9728088378906,231.49522399902344,0.999936580657959,278.1717224121094,277.9630126953125,0.9997511506080627
66,268.4719543457031,179.94906616210938,0.999699592590332,276.79400634765625,231.5261688232422,0.9999438524246216,278.1717224121094,278.2195739746094,0.9997749924659729
67,268.1737060546875,180.03407287597656,0.9996808767318726,276.7933349609375,231.63507080078125,0.9999451637268066,278.0570068359375,278.8411560058594,0.9997746348381042
68,268.1737060546875,180.03407287597656,0.9997373223304749,276.7789611816406,231.63507080078125,0.9999419450759888,278.1717224121094,278.6143798828125,0.9997279047966003
69,268.2114562988281,180.11795043945312,0.9997034668922424,276.7425231933594,231.63951110839844,0.9999393224716187,278.3358459472656,278.8411560058594,0.9997692704200745
70,268.29071044921875,180.23861694335938,0.9997348189353943,276.7425231933594,231.65489196777344,0.9999337196350098,278.3358459472656,279.1322937011719,0.9997432827949524
71,268.29071044921875,180.30133056640625,0.9997227787971497,276.7425231933594,232.2526092529297,0.9999316930770874,278.3358459472656,279.4898986816406,0.9996871948242188
72,269.60528564453125,180.3735809326172,0.9997636675834656,276.74322509765625,233.2169647216797,0.9999326467514038,278.7073059082031,279.4898986816406,0.9997400641441345
73,269.71099853515625,180.3735809326172,0.9997510313987732,276.74676513671875,233.2169647216797,0.9999252557754517,278.9834899902344,279.5667419433594,0.9996895790100098
74,269.7198181152344,180.39569091796875,0.9997562766075134,276.93560791015625,233.21861267089844,0.9999233484268188,279.60089111328125,279.5667419433594,0.9996312856674194
75,269.780029296875,180.30133056640625,0.9997561573982239,277.0785827636719,233.2169647216797,0.9999244213104248,279.61480712890625,279.6388244628906,0.9996071457862854
76,269.8313903808594,180.39569091796875,0.9997671246528625,277.191162109375,233.20733642578125,0.9999241828918457,279.70343017578125,279.6520080566406,0.9995526671409607
77,269.8313903808594,180.39569091796875,0.9997722506523132,277.30462646484375,233.20733642578125,0.9999247789382935,279.71630859375,279.6520080566406,0.9995658993721008
78,271.11334228515625,181.15829467773438,0.9997990727424622,277.3154602050781,233.20733642578125,0.9999184608459473,279.8979187011719,279.6520080566406,0.9995203018188477
79,271.3316955566406,181.3177947998047,0.9998157620429993,277.4501037597656,233.1999969482422,0.9999181032180786,279.7948913574219,279.6420593261719,0.9995474219322205
80,271.3316955566406,181.43577575683594,0.999819815158844,277.4501037597656,233.1999969482422,0.9999253749847412,279.7948913574219,279.5375061035156,0.9994766116142273
81,271.3316955566406,181.43577575683594,0.9998403787612915,277.4501037597656,233.31057739257812,0.9999207258224487,279.71630859375,279.5375061035156,0.9995297193527222
82,271.1838073730469,181.33206176757812,0.9998099207878113,277.3376159667969,233.3262481689453,0.9999226331710815,279.4331970214844,279.5375061035156,0.9996137022972107
83,271.04730224609375,181.33206176757812,0.9998072981834412,277.3006286621094,233.54690551757812,0.9999297857284546,279.4331970214844,280.1578674316406,0.9995643496513367
84,269.8216857910156,180.4910125732422,0.9997455477714539,277.19647216796875,233.54690551757812,0.9999357461929321,279.39154052734375,280.1578674316406,0.9996063113212585
85,269.8216857910156,180.4910125732422,0.9997506737709045,277.06011962890625,233.54933166503906,0.9999325275421143,279.39154052734375,280.1875915527344,0.999579131603241
86,269.7176208496094,180.3424072265625,0.9997547268867493,277.06011962890625,233.6349639892578,0.999935507774353,279.2364501953125,280.1578674316406,0.9996633529663086
87,269.8216857910156,180.3424072265625,0.9997559189796448,277.0345458984375,233.54933166503906,0.9999363422393799,278.96826171875,279.5982360839844,0.9996104836463928
88,269.7176208496094,180.37034606933594,0.9997292160987854,276.9937438964844,233.68905639648438,0.9999411106109619,278.7896728515625,279.48699951171875,0.9996600151062012
89,269.29522705078125,180.5699005126953,0.9997426867485046,276.5644836425781,233.68905639648438,0.9999408721923828,277.6346130371094,279.4757385253906,0.9997416138648987
90,269.25567626953125,180.37034606933594,0.9997439980506897,276.0503234863281,233.4877166748047,0.9999475479125977,276.91162109375,278.87939453125,0.9997888207435608
91,268.3978271484375,180.37034606933594,0.9997311234474182,275.8068542480469,232.1532440185547,0.9999412298202515,276.7469787597656,278.6419372558594,0.9998002648353577
92,268.08404541015625,180.12942504882812,0.9997305274009705,275.6468811035156,232.10379028320312,0.9999364614486694,276.7367248535156,278.349609375,0.9998088479042053
93,268.0427551269531,180.1212921142578,0.9997206330299377,275.62640380859375,232.10379028320312,0.9999406337738037,276.5930480957031,278.349609375,0.999808132648468
94,267.5264892578125,180.1212921142578,0.9996904134750366,275.5088195800781,232.1532440185547,0.9999382495880127,276.5536193847656,278.349609375,0.999805748462677
95,267.3895263671875,180.12942504882812,0.999698281288147,275.229736328125,233.32334899902344,0.9999402761459351,276.5930480957031,278.41888427734375,0.9998025298118591
96,267.2364196777344,180.2572479248047,0.9997398257255554,275.229736328125,233.51870727539062,0.999947190284729,276.5930480957031,278.8994445800781,0.9997673630714417
97,267.2364196777344,180.27362060546875,0.9997158646583557,275.229736328125,233.78866577148438,0.9999459981918335,276.7173767089844,279.28961181640625,0.9997745156288147
98,267.2364196777344,180.54884338378906,0.9997425675392151,275.2456359863281,233.78866577148438,0.9999408721923828,277.13531494140625,279.28961181640625,0.9997172951698303
99,267.2364196777344,180.54884338378906,0.9997543692588806,275.2456359863281,233.78866577148438,0.9999436140060425,277.13531494140625,279.0870056152344,0.9997498393058777
100,267.2364196777344,180.54884338378906,0.9997617602348328,275.2456359863281,233.78866577148438,0.9999432563781738,277.13531494140625,279.0879821777344,0.9997586607933044
101,267.04547119140625,180.6044158935547,0.9997488856315613,275.2048034667969,233.81655883789062,0.9999442100524902,276.76336669921875,279.0879821777344,0.9997561573982239
102,267.04547119140625,180.67153930664062,0.9997161030769348,274.86077880859375,233.95278930664062,0.9999431371688843,276.66802978515625,279.0879821777344,0.9997575879096985
103,267.04547119140625,180.75161743164062,0.9997310042381287,274.86077880859375,234.1255645751953,0.9999477863311768,276.3534240722656,279.4271545410156,0.9997444748878479
104,267.0694885253906,180.67153930664062,0.9997466206550598,274.86077880859375,234.1255645751953,0.9999500513076782,276.3534240722656,279.4302978515625,0.9997518658638
105,267.3252868652344,180.67153930664062,0.9997510313987732,274.98516845703125,234.1255645751953,0.9999477863311768,276.3534240722656,279.4302978515625,0.9997691512107849
106,267.7131042480469,180.59457397460938,0.9997467398643494,275.2658996582031,234.08914184570312,0.9999465942382812,276.2229309082031,279.4302978515625,0.9997456669807434
107,268.82537841796875,180.59457397460938,0.9997683167457581,275.3262634277344,234.08914184570312,0.9999467134475708,276.36553955078125,279.4302978515625,0.9997391104698181
108,268.82537841796875,180.59457397460938,0.9997703433036804,275.3262634277344,234.08914184570312,0.9999463558197021,276.36553955078125,279.4851379394531,0.9997722506523132
109,268.82537841796875,181.1042938232422,0.9997723698616028,275.2983703613281,234.72882080078125,0.9999489784240723,276.2229309082031,279.8609313964844,0.9997087121009827
110,268.322509765625,181.40208435058594,0.9997736811637878,275.2658996582031,234.8980712890625,0.9999518394470215,275.9521789550781,280.5330810546875,0.9997140765190125
111,267.21343994140625,181.58932495117188,0.9997550845146179,274.6633605957031,234.9274139404297,0.9999464750289917,275.4519348144531,281.6977844238281,0.9995948672294617
112,266.5849304199219,182.63534545898438,0.9998067021369934,274.26910400390625,235.7715606689453,0.999948263168335,275.0843505859375,281.8189697265625,0.9996009469032288
113,266.2208557128906,183.85963439941406,0.9997802376747131,273.843505859375,236.11422729492188,0.9999470710754395,274.7957458496094,282.60052490234375,0.9994447827339172
114,265.79248046875,184.77496337890625,0.9998432397842407,273.71044921875,237.43650817871094,0.9999465942382812,274.26025390625,282.8075866699219,0.9994294047355652
115,265.75872802734375,185.89674377441406,0.9997653365135193,273.197509765625,238.42605590820312,0.9999165534973145,272.9273986816406,284.09722900390625,0.9994447827339172
116,265.65228271484375,188.15457153320312,0.9996631145477295,272.1122741699219,239.92428588867188,0.9999243021011353,272.6607666015625,285.08502197265625,0.9994862079620361
117,264.99969482421875,190.8349609375,0.9988641738891602,271.7603454589844,243.4944305419922,0.9999369382858276,272.58843994140625,285.57305908203125,0.9993971586227417
118,264.84075927734375,194.2888946533203,0.9996706247329712,269.77728271484375,245.3946075439453,0.9998993873596191,269.9731140136719,286.0099182128906,0.9989420771598816
119,262.8820495605469,196.6849822998047,0.9998964071273804,267.73602294921875,246.91079711914062,0.9998664855957031,269.29803466796875,288.88482666015625,0.9995040893554688
120,262.6795654296875,197.35885620117188,0.9999279975891113,264.77001953125,248.8830108642578,0.9997299313545227,268.8079833984375,290.7237243652344,0.9995602965354919
121,261.2428894042969,197.98663330078125,0.999951958656311,263.5107727050781,251.2779083251953,0.9998513460159302,266.6369323730469,294.4666748046875,0.9994334578514099
122,261.2284240722656,200.97813415527344,0.9999500513076782,262.6669006347656,253.45404052734375,0.9998724460601807,263.1208190917969,297.9869079589844,0.9991440773010254
123,258.9560241699219,202.65963745117188,0.9999151229858398,261.711181640625,255.39109802246094,0.9999344348907471,262.99896240234375,300.2440185546875,0.9993807077407837
124,258.1025695800781,204.69943237304688,0.9996480941772461,260.87103271484375,257.09979248046875,0.9999598264694214,261.45538330078125,302.3273620605469,0.9994482398033142
125,257.8629455566406,205.6820526123047,0.9996554851531982,259.9022521972656,259.957763671875,0.9999634027481079,261.1471252441406,303.1195373535156,0.9995947480201721
126,255.89730834960938,209.19248962402344,0.9997503161430359,258.1716003417969,261.6217346191406,0.9999569654464722,259.5425109863281,304.598876953125,0.9997041821479797
127,251.2685546875,210.44879150390625,0.9996961355209351,256.2370300292969,263.6690368652344,0.9999098777770996,258.4100646972656,306.4706726074219,0.999733030796051
128,250.48580932617188,212.35317993164062,0.9997377991676331,254.9447784423828,265.53436279296875,0.9998831748962402,257.8143615722656,309.3269958496094,0.9997765421867371
129,249.3546142578125,213.45668029785156,0.9998729228973389,252.96900939941406,267.9970703125,0.9998452663421631,256.4727783203125,312.06707763671875,0.99962317943573
130,247.74192810058594,217.2189483642578,0.9999053478240967,251.73863220214844,270.1917419433594,0.9997511506080627,255.40087890625,315.6170349121094,0.9992805123329163
131,246.3077392578125,218.9372100830078,0.999881386756897,250.58871459960938,273.9767150878906,0.9999017715454102,254.54359436035156,318.99542236328125,0.999016523361206
132,244.041748046875,221.78146362304688,0.9996066689491272,246.7758331298828,274.9632568359375,0.9999508857727051,251.71414184570312,320.667236328125,0.9996104836463928
133,243.31736755371094,225.79934692382812,0.9997853636741638,246.50242614746094,276.4847412109375,0.9999585151672363,251.1611328125,320.8199157714844,0.9995878338813782
134,242.18865966796875,228.8163299560547,0.9998996257781982,246.0361328125,277.59619140625,0.9999569654464722,248.50698852539062,322.1095275878906,0.9996305704116821
135,240.27967834472656,228.92788696289062,0.9998607635498047,244.42410278320312,278.9526062011719,0.9999479055404663,246.83323669433594,323.2133483886719,0.999744713306427
136,237.13331604003906,228.93597412109375,0.9997532963752747,242.76034545898438,281.2643737792969,0.999943733215332,245.16989135742188,325.061767578125,0.9998267292976379
137,236.06712341308594,229.80401611328125,0.9997677206993103,242.41685485839844,282.8417663574219,0.9999455213546753,244.4933319091797,327.2657470703125,0.999813973903656
138,235.98472595214844,230.795654296875,0.999788224697113,240.7913360595703,284.4068603515625,0.9999376535415649,243.0609588623047,328.2977294921875,0.9997653365135193
139,232.72833251953125,232.10678100585938,0.9998917579650879,239.3541259765625,285.2294006347656,0.9999135732650757,242.89500427246094,328.9087829589844,0.9996652603149414
140,231.13258361816406,232.81800842285156,0.9999291896820068,239.2093963623047,286.21295166015625,0.9998890161514282,241.89877319335938,329.9466247558594,0.9995496869087219
141,231.12298583984375,232.86671447753906,0.9999313354492188,239.1820831298828,286.21295166015625,0.9998733997344971,241.7308807373047,330.86370849609375,0.999427080154419
142,230.92654418945312,233.21731567382812,0.9999271631240845,238.22239685058594,286.2979736328125,0.999835729598999,240.5788116455078,331.0810241699219,0.9993510842323303
143,230.92654418945312,233.46717834472656,0.9999264478683472,237.0296630859375,286.2979736328125,0.9997987151145935,240.38140869140625,331.0810241699219,0.9993605017662048
144,230.70651245117188,233.46717834472656,0.9999048709869385,236.7323760986328,286.21295166015625,0.9998094439506531,239.63037109375,330.97406005859375,0.9992423057556152
145,230.70651245117188,233.46717834472656,0.9999161958694458,236.21560668945312,286.1354064941406,0.9997745156288147,239.21307373046875,330.86370849609375,0.9992524981498718
146,231.05609130859375,233.23297119140625,0.9999305009841919,236.21560668945312,286.0748596191406,0.9997488856315613,239.21307373046875,330.5970153808594,0.9992548823356628
147,231.05609130859375,232.8997802734375,0.9999271631240845,236.37551879882812,285.8156433105469,0.9997432827949524,239.40530395507812,330.4411315917969,0.9991494417190552
148,231.2368927001953,232.8997802734375,0.9999268054962158,236.37551879882812,285.8156433105469,0.9997923970222473,239.40530395507812,329.6982116699219,0.9994221925735474
149,231.2767333984375,232.89334106445312,0.9999346733093262,236.92930603027344,285.4637451171875,0.9998383522033691,239.9256134033203,329.67718505859375,0.9995356798171997
150,231.77090454101562,232.89334106445312,0.9999040365219116,237.31655883789062,285.23504638671875,0.9998410940170288,240.4486083984375,329.54144287109375,0.9995631575584412
151,232.7108612060547,232.89334106445312,0.9998836517333984,237.71035766601562,285.18341064453125,0.999862551689148,240.68478393554688,329.54144287109375,0.9995784163475037
152,234.04212951660156,232.89334106445312,0.9997870326042175,239.00308227539062,285.15264892578125,0.9998996257781982,241.2955322265625,329.54144287109375,0.9996479749679565
153,234.1668243408203,232.72125244140625,0.9998131394386292,239.28900146484375,284.8984375,0.999914288520813,241.83242797851562,329.6019592285156,0.9996540546417236
154,236.13174438476562,232.24317932128906,0.9998168349266052,240.15377807617188,284.8921203613281,0.9999357461929321,241.88214111328125,329.4089050292969,0.9996933937072754
155,236.28463745117188,232.10752868652344,0.9998252987861633,240.70692443847656,284.35028076171875,0.9999383687973022,242.9037322998047,329.3627014160156,0.999691367149353
156,236.38023376464844,232.076416015625,0.99981290102005,241.517333984375,284.1630859375,0.9999421834945679,244.55633544921875,329.28692626953125,0.9996849298477173
157,238.6298065185547,231.60418701171875,0.9998119473457336,242.44650268554688,283.5791320800781,0.9999486207962036,245.04359436035156,328.7282409667969,0.9997355341911316
158,239.71734619140625,231.5814208984375,0.9998670816421509,243.6213836669922,283.0307922363281,0.9999477863311768,245.8878631591797,328.0663757324219,0.9997430443763733
159,241.0090789794922,230.0647735595703,0.9999263286590576,244.0286865234375,282.783203125,0.9999464750289917,246.58274841308594,327.6593017578125,0.9997115731239319
160,241.3415069580078,229.71571350097656,0.9999009370803833,244.824951171875,281.68902587890625,0.999931812286377,246.9564208984375,326.88397216796875,0.9997331500053406
161,242.1837615966797,229.10739135742188,0.9999182224273682,245.6046142578125,281.28009033203125,0.9999179840087891,247.56419372558594,326.25640869140625,0.999708354473114
162,243.52537536621094,228.83596801757812,0.9999181032180786,246.9639434814453,280.22882080078125,0.9998863935470581,251.28695678710938,324.89349365234375,0.999647855758667
163,243.6200714111328,228.39260864257812,0.9999169111251831,247.52793884277344,279.75823974609375,0.9998776912689209,251.539794921875,324.2016296386719,0.9996604919433594
164,245.07017517089844,228.1986083984375,0.9999237060546875,247.90333557128906,279.75421142578125,0.9997861981391907,253.22998046875,324.16595458984375,0.9997199177742004
165,246.27304077148438,227.51791381835938,0.999868631362915,250.59725952148438,279.7167053222656,0.9998158812522888,254.08224487304688,323.9550476074219,0.9997103810310364
166,247.84133911132812,226.9095001220703,0.9998444318771362,251.51466369628906,279.5195617675781,0.9998327493667603,255.88792419433594,323.6406555175781,0.9997171759605408
167,248.8080596923828,226.7246856689453,0.9996803998947144,253.0574188232422,279.4512939453125,0.999847412109375,256.1650695800781,323.1165466308594,0.9997343420982361
168,249.6951141357422,226.45323181152344,0.999539852142334,255.17352294921875,277.9449157714844,0.9999269247055054,257.9908142089844,321.88067626953125,0.9997605681419373
169,252.11192321777344,224.99656677246094,0.9993078708648682,256.6760559082031,277.4125671386719,0.9999477863311768,258.8050231933594,321.3159484863281,0.9997647404670715
170,252.3856201171875,221.0098419189453,0.9989068508148193,258.05731201171875,275.5109558105469,0.9999511241912842,260.84228515625,320.77484130859375,0.9997367262840271
171,254.11013793945312,220.5682373046875,0.9994617104530334,258.39422607421875,273.41387939453125,0.9999574422836304,261.357666015625,318.9408264160156,0.9995212554931641
172,256.4129333496094,219.96983337402344,0.9994650483131409,259.5902099609375,271.6580810546875,0.999945878982544,261.5731201171875,316.25103759765625,0.9993701577186584
173,256.4385986328125,219.95631408691406,0.9997472167015076,259.90704345703125,270.9039611816406,0.9999198913574219,261.71649169921875,315.1028747558594,0.9992619156837463
174,257.0855407714844,218.03944396972656,0.9998955726623535,260.6322326660156,269.26715087890625,0.9999306201934814,261.71649169921875,314.57513427734375,0.999363362789154
175,257.86602783203125,215.84512329101562,0.9999154806137085,260.74249267578125,268.5180969238281,0.9999387264251709,263.2060546875,314.0022888183594,0.999421238899231
176,257.9710388183594,214.5436553955078,0.9999120235443115,261.2088928222656,267.3959045410156,0.9999380111694336,263.2060546875,313.33428955078125,0.9994435906410217
177,258.05169677734375,214.25885009765625,0.9999233484268188,262.4159240722656,265.6804504394531,0.999909520149231,263.5417785644531,310.16534423828125,0.9996621608734131
178,258.6800842285156,213.12413024902344,0.9998992681503296,263.1119079589844,263.8043518066406,0.9998863935470581,263.63330078125,308.140380859375,0.999729573726654
179,260.3629455566406,211.48297119140625,0.999879002571106,264.0064392089844,262.9856262207031,0.9998825788497925,266.3702087402344,306.6179504394531,0.9995972514152527
180,263.0220642089844,210.82354736328125,0.9998175501823425,266.32928466796875,262.69140625,0.9998805522918701,266.3815002441406,305.9969787597656,0.9995875954627991
181,264.6240234375,206.4658660888672,0.9995162487030029,267.3009948730469,261.0789489746094,0.9999252557754517,267.5202331542969,305.7508544921875,0.9996317625045776
182,266.0693664550781,205.2108917236328,0.9993409514427185,267.3762512207031,258.9347839355469,0.9999330043792725,268.1015625,303.38214111328125,0.9995194673538208
183,266.10626220703125,204.52793884277344,0.9993928670883179,268.66961669921875,256.3284912109375,0.9998737573623657,269.695556640625,301.677734375,0.9989690780639648
184,266.33941650390625,203.6378173828125,0.9995520710945129,269.8532409667969,253.5348663330078,0.9998635053634644,270.0909423828125,299.449462890625,0.9991376399993896
185,266.33941650390625,200.5335693359375,0.999757707118988,270.4163818359375,252.0580291748047,0.9999041557312012,270.81109619140625,296.7917785644531,0.9994667172431946
186,266.7242126464844,198.2904815673828,0.9997552037239075,271.5368957519531,249.97108459472656,0.9999088048934937,272.1927795410156,293.9815673828125,0.9997161030769348
187,266.7242126464844,195.5391082763672,0.9996691942214966,272.5804748535156,247.79969787597656,0.9999237060546875,272.968994140625,291.4546813964844,0.9997013211250305
188,268.6118469238281,194.6871795654297,0.9997202754020691,273.3394470214844,245.9907684326172,0.9999520778656006,273.8397216796875,289.71319580078125,0.9997139573097229
189,268.6118469238281,193.6100616455078,0.9995647072792053,274.4606018066406,243.7542266845703,0.9999723434448242,276.0606994628906,288.95758056640625,0.999776303768158
190,268.6118469238281,189.0634307861328,0.9993202686309814,274.4606018066406,241.11447143554688,0.9999656677246094,276.0606994628906,286.71502685546875,0.9995871186256409
191,268.8377380371094,186.097412109375,0.9997134804725647,274.53253173828125,237.990478515625,0.9999426603317261,276.2663879394531,282.4833984375,0.9992682337760925
192,268.8377380371094,183.78785705566406,0.9997468590736389,274.854736328125,236.34107971191406,0.9999533891677856,277.81256103515625,281.9151611328125,0.9994547963142395
193,268.8377380371094,182.24269104003906,0.9998219609260559,275.3318176269531,235.20144653320312,0.9999561309814453,278.26885986328125,281.370361328125,0.9994276165962219
194,269.7286682128906,180.64564514160156,0.9997765421867371,276.44757080078125,233.75125122070312,0.9999436140060425,279.3649597167969,280.0575866699219,0.999496340751648
195,269.842529296875,180.5367889404297,0.9997463822364807,276.70147705078125,233.2820281982422,0.9999401569366455,279.5128173828125,279.81591796875,0.9995717406272888
196,271.1811828613281,180.46766662597656,0.9998387098312378,277.5316467285156,231.19322204589844,0.9999433755874634,280.09527587890625,278.7718200683594,0.9995135068893433
197,271.5902404785156,179.7509002685547,0.9997870326042175,278.0855712890625,230.98501586914062,0.999940037727356,282.206298828125,277.56988525390625,0.999414324760437
198,272.0057373046875,179.7200164794922,0.9998437166213989,278.4942321777344,230.67832946777344,0.9999332427978516,283.0650939941406,277.4524230957031,0.9994944334030151
199,272.3888244628906,178.93247985839844,0.9998242259025574,279.0582275390625,230.58822631835938,0.9999275207519531,283.3204650878906,277.4524230957031,0.9995371103286743
200,272.59576416015625,178.83204650878906,0.9998138546943665,279.6362609863281,230.47364807128906,0.999909520149231,284.3124084472656,277.3901062011719,0.9995218515396118
201,272.61065673828125,178.82473754882812,0.9998352527618408,279.764892578125,230.36692810058594,0.9998812675476074,285.0273132324219,277.3736267089844,0.9995408058166504
202,272.61065673828125,178.68142700195312,0.9998332262039185,279.764892578125,230.32516479492188,0.9998853206634521,285.2186279296875,277.1236877441406,0.9994675517082214
203,272.61065673828125,178.68142700195312,0.9998337030410767,279.764892578125,229.98072814941406,0.9999196529388428,285.35284423828125,277.280029296875,0.9994983673095703
204,271.82025146484375,178.68142700195312,0.9997614026069641,279.69482421875,229.960693359375,0.9999105930328369,285.35284423828125,276.9920349121094,0.999415397644043
205,271.74822998046875,178.68142700195312,0.9997535347938538,279.3979187011719,229.88087463378906,0.999923825263977,285.2186279296875,276.88470458984375,0.9994295239448547
206,271.5718078613281,178.66636657714844,0.9997634291648865,278.8702697753906,229.960693359375,0.9999361038208008,285.04388427734375,276.9920349121094,0.9994671940803528
207,270.6495361328125,178.66636657714844,0.9996693134307861,278.2846374511719,229.98072814941406,0.9999477863311768,283.5199279785156,277.10400390625,0.9995012283325195
208,270.45672607421875,178.4851837158203,0.9995999932289124,277.8069152832031,230.11972045898438,0.999946117401123,281.1050109863281,277.10400390625,0.9994499087333679
209,268.6662902832031,178.4851837158203,0.999599277973175,277.37152099609375,230.14389038085938,0.9999529123306274,280.3630676269531,277.36004638671875,0.9995713829994202
210,268.2205505371094,178.4851837158203,0.9996144771575928,276.85125732421875,230.96942138671875,0.9999456405639648,279.3950500488281,278.0175476074219,0.9996633529663086
211,267.9434509277344,178.6495819091797,0.999687910079956,276.4758605957031,231.23013305664062,0.9999464750289917,279.2115478515625,278.2310485839844,0.9996863603591919
212,267.20965576171875,179.6241912841797,0.9996331930160522,275.83453369140625,231.7947998046875,0.9999433755874634,278.6166076660156,278.7760009765625,0.9997220635414124
213,266.5267639160156,179.65606689453125,0.9997580647468567,275.2867431640625,231.99049377441406,0.9999362230300903,278.1867370605469,278.7760009765625,0.9997460246086121
214,266.16607666015625,180.22491455078125,0.9996776580810547,275.26507568359375,233.05523681640625,0.9999392032623291,277.53955078125,278.9486389160156,0.9997896552085876
215,266.1472473144531,180.4445037841797,0.9997513890266418,274.7686462402344,233.14352416992188,0.9999322891235352,277.51129150390625,278.7760009765625,0.9997846484184265
216,266.1472473144531,180.6526336669922,0.9996846914291382,274.6315002441406,233.32537841796875,0.9999322891235352,276.40582275390625,278.65911865234375,0.9997897744178772
217,266.1472473144531,180.68801879882812,0.9996732473373413,274.5623779296875,233.32537841796875,0.9999309778213501,276.2853698730469,278.6578063964844,0.9998012185096741
218,266.16607666015625,180.68801879882812,0.9997034668922424,274.5623779296875,233.32537841796875,0.9999310970306396,276.2853698730469,278.5415954589844,0.9997900128364563
219,266.2754211425781,180.68801879882812,0.9997699856758118,274.5623779296875,233.252685546875,0.9999305009841919,276.2853698730469,278.5333251953125,0.9997959733009338
220,266.35260009765625,180.62364196777344,0.9996854066848755,275.0682067871094,233.2459259033203,0.9999337196350098,276.7483825683594,278.5415954589844,0.9998096823692322
221,266.7380676269531,180.62364196777344,0.999680757522583,275.0782775878906,231.96495056152344,0.9999339580535889,276.7483825683594,278.5333251953125,0.9998074173927307
222,266.9492492675781,180.5276336669922,0.9997099041938782,275.1692810058594,231.96493530273438,0.9999334812164307,276.7483825683594,278.40496826171875,0.9997982382774353
223,267.21099853515625,180.62364196777344,0.9997246861457825,275.2485046386719,231.96495056152344,0.9999388456344604,276.7483825683594,278.3276672363281,0.9998113512992859
224,267.6797180175781,180.64808654785156,0.9997332692146301,275.3938293457031,231.8994140625,0.9999332427978516,276.7494812011719,278.3276672363281,0.9998111128807068
225,267.6797180175781,180.64808654785156,0.9997220635414124,275.632080078125,231.8994140625,0.9999293088912964,276.7494812011719,278.3276672363281,0.9997934699058533
226,267.6797180175781,180.61666870117188,0.9997395873069763,275.632080078125,231.8994140625,0.999933123588562,277.218994140625,278.40496826171875,0.9997797608375549
227,267.5340576171875,180.61666870117188,0.9996743202209473,275.632080078125,231.9217071533203,0.9999305009841919,277.218994140625,278.358154296875,0.9997726082801819
228,267.2376403808594,180.3074493408203,0.9997095465660095,275.6173400878906,231.71331787109375,0.9999346733093262,277.218994140625,278.358154296875,0.9997912049293518
229,266.776123046875,180.21376037597656,0.9997197985649109,275.257568359375,231.9217071533203,0.9999352693557739,277.1297607421875,278.4862976074219,0.9997979998588562
230,266.44970703125,179.99134826660156,0.999681830406189,275.08984375,231.90481567382812,0.9999350309371948,276.9676513671875,278.4862976074219,0.999808132648468
231,266.44970703125,180.21376037597656,0.9996892213821411,274.9659729003906,231.93910217285156,0.9999310970306396,276.6898498535156,278.358154296875,0.9997945427894592
232,266.44970703125,180.21376037597656,0.9997169375419617,274.92535400390625,232.83409118652344,0.9999285936355591,276.64752197265625,278.54443359375,0.9998120665550232
233,266.5582580566406,179.99134826660156,0.999721109867096,274.8963623046875,233.37289428710938,0.9999326467514038,276.57177734375,278.6838684082031,0.999805748462677
234,267.0766296386719,180.18812561035156,0.9997389912605286,274.7684326171875,233.37289428710938,0.9999392032623291,276.24029541015625,278.6838684082031,0.9997897744178772
235,267.0766296386719,180.18812561035156,0.9997509121894836,274.71282958984375,233.37289428710938,0.9999309778213501,276.24029541015625,278.7003479003906,0.9997808337211609
236,267.0766296386719,180.18812561035156,0.9997511506080627,274.7522888183594,233.1940155029297,0.9999291896820068,276.24029541015625,278.7003479003906,0.9997931122779846
237,266.3998718261719,180.14085388183594,0.9997715353965759,274.5263366699219,232.3659210205078,0.9999198913574219,276.7370300292969,278.7003479003906,0.9997836947441101
238,266.3998718261719,180.18812561035156,0.9997203946113586,274.5263366699219,232.3659210205078,0.9999305009841919,276.9073486328125,278.7003479003906,0.9998094439506531
239,266.3998718261719,180.25279235839844,0.9997531771659851,274.7522888183594,232.3659210205078,0.9999299049377441,276.9073486328125,278.861328125,0.9998003840446472
240,266.4985656738281,180.4316864013672,0.9996906518936157,274.8871154785156,232.8833770751953,0.9999349117279053,276.92816162109375,279.3041076660156,0.9997642636299133
241,266.6178894042969,180.4316864013672,0.9996801614761353,275.1490173339844,232.8833770751953,0.9999349117279053,277.19183349609375,279.3257141113281,0.9997946619987488
242,266.9866027832031,180.4316864013672,0.9997426867485046,275.4232177734375,232.8833770751953,0.99993896484375,277.26458740234375,279.434326171875,0.9997532963752747
243,267.83099365234375,180.225830078125,0.9997217059135437,275.5975036621094,232.8913116455078,0.9999383687973022,277.26458740234375,279.3274230957031,0.9997598528862
244,267.8520202636719,180.15969848632812,0.9997255206108093,275.5975036621094,232.9825439453125,0.9999356269836426,277.26458740234375,279.3274230957031,0.9997498393058777
245,267.8520202636719,180.15969848632812,0.999748170375824,275.685546875,232.91627502441406,0.9999383687973022,277.3297424316406,279.3274230957031,0.9997733235359192
246,268.2432556152344,180.15969848632812,0.9997268319129944,275.9142150878906,232.9825439453125,0.9999366998672485,277.3229064941406,279.5357666015625,0.9997738003730774
247,268.3326416015625,180.44854736328125,0.9997262358665466,275.91522216796875,233.0393524169922,0.999934196472168,277.3229064941406,279.6647033691406,0.999754011631012
248,268.3326416015625,180.5843048095703,0.9997429251670837,275.94366455078125,233.63641357421875,0.9999426603317261,277.3297424316406,280.25811767578125,0.9997245669364929
249,268.6717224121094,180.5843048095703,0.9997482895851135,275.945068359375,233.71939086914062,0.9999440908432007,277.8658142089844,280.25811767578125,0.999685525894165
250,268.6717224121094,180.5862579345703,0.9997559189796448,275.94366455078125,233.71939086914062,0.9999425411224365,278.0137634277344,280.25811767578125,0.9996483325958252
251,268.6717224121094,180.61473083496094,0.9997667670249939,275.94366455078125,233.71939086914062,0.9999415874481201,278.0137634277344,280.0619812011719,0.9997102618217468
252,267.9338073730469,180.66705322265625,0.9997878670692444,275.650146484375,233.71939086914062,0.999936580657959,278.0137634277344,279.7804870605469,0.9996938705444336
253,267.83709716796875,181.14923095703125,0.999783456325531,275.4924621582031,233.71939086914062,0.9999375343322754,277.961181640625,279.7804870605469,0.9997214674949646
254,267.8092346191406,181.18663024902344,0.9997896552085876,275.4226379394531,233.83641052246094,0.9999361038208008,277.3248291015625,279.7804870605469,0.9997411370277405
255,267.343505859375,182.10816955566406,0.9998076558113098,274.6706237792969,234.2767791748047,0.9999390840530396,276.0522155761719,281.1862487792969,0.9996522665023804
256,266.7621765136719,183.20065307617188,0.9998160004615784,274.0881652832031,235.04373168945312,0.9999462366104126,275.7369384765625,281.263427734375,0.9996446371078491
257,266.7621765136719,183.316162109375,0.9998676776885986,273.7454528808594,236.0211181640625,0.9999438524246216,275.27850341796875,281.8865051269531,0.9995891451835632
258,266.7621765136719,183.7574005126953,0.9998214840888977,273.62994384765625,236.4748992919922,0.9999438524246216,275.1078186035156,282.7933044433594,0.9993866682052612
259,266.7672119140625,185.84559631347656,0.9997054934501648,273.5920715332031,238.05809020996094,0.9999390840530396,274.82037353515625,282.80462646484375,0.9994069337844849
260,266.7672119140625,187.80789184570312,0.9994795918464661,273.0634460449219,239.25112915039062,0.9999240636825562,273.68438720703125,284.0431823730469,0.9994713664054871
261,266.7672119140625,190.0891876220703,0.999015212059021,272.11749267578125,242.43002319335938,0.9999359846115112,273.23614501953125,285.474609375,0.9994340538978577
262,265.90264892578125,193.127197265625,0.999434769153595,271.1612548828125,244.25204467773438,0.9999313354492188,273.2109375,287.98211669921875,0.9995895028114319
263,265.8643798828125,194.4519500732422,0.999685525894165,270.41229248046875,245.74729919433594,0.999901533126831,272.5328674316406,288.550048828125,0.9995958209037781
264,263.5850830078125,195.72955322265625,0.9998730421066284,267.5211181640625,247.65573120117188,0.9998375177383423,269.8938903808594,288.904296875,0.9994679093360901
265,261.53497314453125,197.32786560058594,0.9999372959136963,266.9229736328125,248.66925048828125,0.9997746348381042,269.5537109375,290.31939697265625,0.9995844960212708
266,260.5299987792969,199.04437255859375,0.9999504089355469,263.357177734375,250.09120178222656,0.9998651742935181,264.3246765136719,293.8907165527344,0.9994258880615234
267,260.1980285644531,201.10594177246094,0.9999406337738037,261.8448486328125,252.24911499023438,0.9999252557754517,262.5572204589844,298.43988037109375,0.999235987663269
268,259.2026672363281,203.1861114501953,0.9998800754547119,261.7799987792969,254.8510284423828,0.9999343156814575,261.58123779296875,300.5360412597656,0.9992406368255615
269,257.1427307128906,205.2264404296875,0.9996689558029175,260.5420227050781,256.9440002441406,0.9999593496322632,261.5343322753906,301.12347412109375,0.9992914199829102
270,255.34364318847656,206.20445251464844,0.9993483424186707,259.2665100097656,258.5530700683594,0.9999634027481079,260.0935974121094,301.5357666015625,0.999433696269989
271,252.4296112060547,209.7930908203125,0.9996470212936401,257.4800720214844,261.1576232910156,0.9999557733535767,259.98736572265625,304.1343994140625,0.99968421459198
272,251.15689086914062,211.19041442871094,0.9997193217277527,256.5013732910156,262.5156555175781,0.9999376535415649,258.9671936035156,306.6138610839844,0.9997678399085999
273,249.6176300048828,212.26828002929688,0.9998108744621277,253.37234497070312,265.27618408203125,0.9998255372047424,257.8382263183594,308.9141845703125,0.9997720122337341
274,248.43540954589844,214.21762084960938,0.9999079704284668,252.0503387451172,267.50714111328125,0.9997947812080383,255.0037078857422,312.7839660644531,0.9994567036628723
275,247.4855194091797,218.00172424316406,0.9998947381973267,251.08216857910156,270.35845947265625,0.9997968077659607,254.97689819335938,316.480712890625,0.9993264675140381
276,244.20309448242188,221.11233520507812,0.9997021555900574,249.40882873535156,273.3782043457031,0.9999041557312012,253.17977905273438,319.24993896484375,0.9993958473205566
277,242.39505004882812,221.32118225097656,0.9996622800827026,247.29615783691406,274.61474609375,0.9999476671218872,251.798583984375,320.39996337890625,0.9995658993721008
278,242.107177734375,226.09962463378906,0.999808132648468,245.9647674560547,275.7104797363281,0.9999663829803467,249.0245361328125,320.9837341308594,0.9995311498641968
279,240.14073181152344,227.6599578857422,0.9998195767402649,244.9854736328125,277.50494384765625,0.9999634027481079,247.28163146972656,323.17755126953125,0.999733030796051
280,236.70472717285156,227.69815063476562,0.9997615218162537,243.46778869628906,278.8372497558594,0.999954342842102,245.67909240722656,324.52044677734375,0.999800980091095
281,235.99224853515625,229.1146240234375,0.9997490048408508,241.95254516601562,281.1583251953125,0.9999344348907471,244.4505615234375,326.6244201660156,0.999825656414032
282,234.88980102539062,230.65240478515625,0.9997696280479431,240.632568359375,282.9606628417969,0.9999369382858276,243.1054229736328,328.0329895019531,0.9998019337654114
283,232.78244018554688,231.1674041748047,0.9999021291732788,239.48692321777344,283.6312255859375,0.9999216794967651,242.29354858398438,328.7757263183594,0.999755322933197
284,231.4065704345703,231.848388671875,0.9999231100082397,238.4646453857422,284.1199645996094,0.9999034404754639,241.54119873046875,328.7757263183594,0.999652624130249
285,231.39768981933594,231.848388671875,0.9999256134033203,238.05442810058594,284.1199645996094,0.9998843669891357,241.53810119628906,328.7757263183594,0.9996687173843384
286,231.39768981933594,231.848388671875,0.9999277591705322,238.0104217529297,284.1199645996094,0.9998657703399658,241.53810119628906,328.32275390625,0.9997157454490662
287,231.40538024902344,231.74774169921875,0.9999324083328247,237.88368225097656,283.78485107421875,0.9998657703399658,241.54119873046875,327.73046875,0.9997585415840149
288,231.4065704345703,230.68600463867188,0.9999325275421143,237.87066650390625,283.0048828125,0.9998620748519897,242.080322265625,327.4342956542969,0.9997972846031189
289,231.46722412109375,230.55621337890625,0.9999299049377441,237.87066650390625,282.71417236328125,0.9998371601104736,242.080322265625,326.84906005859375,0.9998016953468323
290,231.849609375,230.1977081298828,0.9999206066131592,237.88368225097656,282.3390808105469,0.9998602867126465,242.08291625976562,326.67401123046875,0.999799907207489
291,232.05264282226562,230.1977081298828,0.9999148845672607,237.88368225097656,282.3390808105469,0.9998419284820557,242.08291625976562,326.67401123046875,0.9997971653938293
292,232.31390380859375,230.1276397705078,0.9999064207077026,238.15577697753906,282.41827392578125,0.9998617172241211,242.08291625976562,326.67401123046875,0.9998031258583069
293,232.68402099609375,230.0618896484375,0.9998990297317505,239.189697265625,282.41827392578125,0.9998875856399536,242.51165771484375,326.67401123046875,0.9998217225074768
294,233.64686584472656,230.0618896484375,0.9998552799224854,239.78675842285156,282.41827392578125,0.9999063014984131,242.55845642089844,326.5142517089844,0.9998160004615784
295,234.1582794189453,230.0618896484375,0.9998231530189514,239.85194396972656,282.41827392578125,0.9999107122421265,243.016357421875,326.68359375,0.9998195767402649
296,234.57559204101562,230.0342254638672,0.9997593760490417,240.7058563232422,282.0584716796875,0.9999223947525024,243.56329345703125,326.5142517089844,0.9998385906219482
297,236.50192260742188,229.96116638183594,0.9997864365577698,241.7252655029297,281.9765625,0.9999347925186157,244.5325164794922,326.68359375,0.9998291730880737
298,236.50192260742188,229.3920135498047,0.9997771382331848,241.79347229003906,281.763671875,0.9999361038208008,244.98851013183594,326.4869384765625,0.9998238682746887
299,236.52679443359375,229.3064422607422,0.9997805953025818,242.54000854492188,281.055419921875,0.9999179840087891,245.10153198242188,326.4869384765625,0.9998180270195007
300,237.31103515625,229.3064422607422,0.9997987151145935,243.13330078125,280.1655578613281,0.9999327659606934,246.24588012695312,326.37213134765625,0.9997850060462952
301,237.9730224609375,229.3064422607422,0.9997861981391907,244.06301879882812,280.11083984375,0.9999297857284546,246.35745239257812,326.0491027832031,0.9997968077659607
302,239.79518127441406,229.3064422607422,0.9998642206192017,245.20591735839844,280.0066223144531,0.999921441078186,247.69314575195312,326.0281677246094,0.9997221827507019
303,240.93992614746094,229.40077209472656,0.999896764755249,246.20542907714844,279.85723876953125,0.9999151229858398,249.99351501464844,325.3602294921875,0.9996238946914673
304,241.6666717529297,229.40077209472656,0.9999064207077026,246.8355255126953,279.85723876953125,0.9998838901519775,250.94833374023438,325.26416015625,0.9996559619903564
305,242.9228057861328,229.32382202148438,0.9999293088912964,247.5611114501953,279.85723876953125,0.999864935874939,251.0774688720703,324.79388427734375,0.9996417760848999
306,243.6959686279297,229.25201416015625,0.99993896484375,247.58242797851562,280.46429443359375,0.999840497970581,252.1621856689453,324.79388427734375,0.9996769428253174
307,244.83773803710938,229.25201416015625,0.9999406337738037,248.2208251953125,280.46429443359375,0.9997914433479309,252.99929809570312,324.79388427734375,0.9996947050094604
308,246.8567657470703,229.1736602783203,0.9999294281005859,251.66635131835938,280.4927978515625,0.9997361302375793,256.58868408203125,325.21136474609375,0.9997429251670837
309,247.60789489746094,228.40037536621094,0.9998838901519775,253.08773803710938,280.9863586425781,0.9998045563697815,256.5946350097656,325.21136474609375,0.9997566342353821
310,249.8518524169922,227.91824340820312,0.9997544884681702,254.85276794433594,280.9863586425781,0.9998619556427002,257.7752685546875,325.21136474609375,0.9998071789741516
311,252.21734619140625,227.88812255859375,0.9997627139091492,256.8240966796875,280.1202697753906,0.9999144077301025,259.088623046875,324.7746276855469,0.999818742275238
312,252.40042114257812,227.6147003173828,0.9997487664222717,257.9311218261719,279.4623107910156,0.9999293088912964,261.1854553222656,324.46221923828125,0.9997746348381042
313,255.3204803466797,227.09939575195312,0.9997701048851013,259.00689697265625,279.2632141113281,0.9999322891235352,262.1817626953125,324.2634582519531,0.9997549653053284
314,257.185546875,227.08863830566406,0.9998606443405151,259.99005126953125,278.88043212890625,0.9999371767044067,262.2540588378906,324.11810302734375,0.9997567534446716
315,257.716796875,226.90213012695312,0.9998621940612793,260.7767639160156,278.5833435058594,0.9999450445175171,263.69207763671875,324.11810302734375,0.9996929168701172
316,258.3086853027344,226.2178955078125,0.9998636245727539,261.6080017089844,278.0088195800781,0.9999446868896484,264.7799377441406,323.71966552734375,0.9996046423912048
317,259.79583740234375,225.5359649658203,0.9998334646224976,262.9327697753906,277.8544006347656,0.9999449253082275,267.96307373046875,323.2951354980469,0.9996483325958252
318,260.6580505371094,225.34332275390625,0.999784529209137,263.8795166015625,277.7361145019531,0.9999161958694458,268.7010803222656,322.8262939453125,0.9996553659439087
319,263.0616760253906,225.14706420898438,0.9996886253356934,266.3819580078125,277.435791015625,0.9998903274536133,269.09478759765625,322.4405517578125,0.9996351003646851
320,264.4085693359375,222.5463409423828,0.9996453523635864,267.16156005859375,277.383056640625,0.9999146461486816,270.2940368652344,322.0766906738281,0.9996139407157898
321,264.6825866699219,221.59352111816406,0.9994919300079346,268.8297424316406,276.1202087402344,0.9999082088470459,271.27764892578125,321.1053161621094,0.9995579123497009
322,265.4005432128906,221.33338928222656,0.9993069171905518,270.9056091308594,274.9215393066406,0.9999336004257202,273.0301208496094,320.81536865234375,0.9997274279594421
323,265.6371765136719,220.64089965820312,0.99937903881073,272.31988525390625,273.1014099121094,0.9999467134475708,273.68243408203125,319.6387023925781,0.9996389150619507
324,267.8686218261719,218.9228057861328,0.999634861946106,272.5352783203125,272.03680419921875,0.9999282360076904,274.85125732421875,318.8909606933594,0.9996335506439209
325,268.1276550292969,217.62245178222656,0.999729573726654,273.6129455566406,270.3734130859375,0.9999337196350098,275.0594482421875,317.0791015625,0.9995062351226807
326,269.0333251953125,217.38804626464844,0.9997394680976868,273.7530822753906,269.9982604980469,0.9999352693557739,275.0823974609375,315.8627014160156,0.9994366765022278
327,269.2197265625,215.93006896972656,0.9997997879981995,273.9679870605469,269.7663269042969,0.999940037727356,275.67803955078125,315.5802917480469,0.9994311928749084
328,269.2435302734375,215.91770935058594,0.9998083710670471,274.5325012207031,269.3662414550781,0.9999446868896484,275.720947265625,314.1479797363281,0.9994749426841736
329,271.1507568359375,215.43734741210938,0.9998018145561218,275.1226501464844,268.5555114746094,0.9999428987503052,275.96270751953125,313.7765197753906,0.9995446801185608
330,271.6963195800781,214.79458618164062,0.9998553991317749,276.0577392578125,267.58538818359375,0.9999420642852783,276.8786926269531,313.5284423828125,0.9994773268699646
331,271.9479675292969,212.78102111816406,0.9998562335968018,276.78106689453125,265.8773498535156,0.9999364614486694,277.640625,311.6754455566406,0.9997376799583435
332,272.7658386230469,212.5034942626953,0.999862790107727,277.8023681640625,263.3481140136719,0.9999290704727173,278.10076904296875,309.894287109375,0.9997631907463074
333,274.2726135253906,212.3079071044922,0.9998875856399536,278.4169616699219,262.8882141113281,0.9999251365661621,278.8910217285156,308.5140380859375,0.9997259974479675
334,274.7134704589844,211.28433227539062,0.9998859167098999,278.7483825683594,262.00286865234375,0.9999319314956665,279.04864501953125,308.13580322265625,0.9997246861457825
335,275.4228210449219,211.17843627929688,0.9998786449432373,279.4057922363281,261.14105224609375,0.9999414682388306,279.7778015136719,307.46588134765625,0.9996694326400757
336,276.2583923339844,209.9755401611328,0.9998243451118469,279.792236328125,260.2053527832031,0.9999358654022217,279.7781982421875,306.1961669921875,0.9996687173843384
337,277.9789733886719,208.65309143066406,0.9996285438537598,280.009521484375,258.7126159667969,0.9999383687973022,279.7781982421875,305.2734069824219,0.9996528625488281
338,278.0757141113281,205.4144287109375,0.9995380640029907,281.4035339355469,257.6922302246094,0.9999232292175293,279.7778015136719,302.213623046875,0.9992965459823608
339,278.17633056640625,204.36761474609375,0.9997130036354065,281.4035339355469,255.8448028564453,0.9998880624771118,279.7778015136719,298.70751953125,0.9991857409477234
340,278.0757141113281,202.63232421875,0.9998270869255066,281.4035339355469,254.90318298339844,0.9998440742492676,279.2311706542969,297.7736511230469,0.9991282820701599
341,278.4537353515625,200.56158447265625,0.999907374382019,280.4364929199219,252.62501525878906,0.9997605681419373,279.2311706542969,297.0078125,0.999151349067688
342,278.4537353515625,199.5228271484375,0.9999294281005859,280.4364929199219,251.2890625,0.9998019337654114,279.6571960449219,295.4383239746094,0.9995959401130676
343,278.4537353515625,198.1803741455078,0.9999266862869263,280.4364929199219,250.34519958496094,0.9998069405555725,280.1288757324219,292.81829833984375,0.9995654225349426
344,277.5921936035156,196.6197509765625,0.9999136924743652,280.7493591308594,246.93226623535156,0.999825656414032,280.1288757324219,290.72900390625,0.9996203184127808
345,278.4537353515625,194.77915954589844,0.9998329877853394,281.70989990234375,246.87799072265625,0.9998582601547241,281.8058776855469,289.8191223144531,0.9995337724685669
346,278.1333312988281,193.24195861816406,0.9997289776802063,281.849853515625,245.1669158935547,0.999904990196228,282.01544189453125,289.0439758300781,0.9994761347770691
347,278.1333312988281,192.51060485839844,0.9996140599250793,281.849853515625,243.56576538085938,0.9999226331710815,282.01544189453125,288.1478271484375,0.9993746876716614
348,277.32916259765625,188.06483459472656,0.9997623562812805,281.70989990234375,242.7259521484375,0.9999258518218994,281.8058776855469,288.0981140136719,0.9994083642959595
349,276.63116455078125,186.537353515625,0.9998831748962402,281.34466552734375,240.34603881835938,0.999894380569458,281.08251953125,286.6904602050781,0.9990707635879517
350,275.3616027832031,185.01670837402344,0.9999010562896729,279.9165344238281,237.01844787597656,0.9998047947883606,281.08251953125,284.62115478515625,0.9989232420921326
351,275.3379211425781,182.8988037109375,0.9999133348464966,279.9165344238281,234.6237030029297,0.9998537302017212,281.08251953125,282.0032958984375,0.9985260367393494
352,274.9960021972656,180.9558868408203,0.9998810291290283,279.7642822265625,233.3759765625,0.9998447895050049,282.11273193359375,279.3125305175781,0.9991945624351501
353,274.8489990234375,179.5934600830078,0.9998472929000854,279.7161560058594,229.81829833984375,0.9999078512191772,283.6857604980469,277.4129638671875,0.9994562268257141
354,274.2078857421875,177.0558319091797,0.9996390342712402,279.6026611328125,228.33619689941406,0.9999204874038696,283.7503967285156,275.7684020996094,0.9994661211967468
355,273.7254638671875,175.44692993164062,0.9991850256919861,279.49359130859375,226.6845245361328,0.9999433755874634,283.7503967285156,275.2633361816406,0.9994820952415466
356,273.7254638671875,172.11656188964844,0.9995682835578918,279.4293518066406,226.25650024414062,0.999941349029541,283.6857604980469,274.45269775390625,0.9994656443595886
357,273.7254638671875,171.65402221679688,0.9996770620346069,279.3724670410156,226.18185424804688,0.9999345541000366,283.5804443359375,274.1791076660156,0.9994737505912781
358,273.7254638671875,171.65402221679688,0.9996907711029053,279.365478515625,226.18185424804688,0.9999421834945679,283.5804443359375,274.12237548828125,0.9994687438011169
359,273.7254638671875,171.5391082763672,0.9997878670692444,279.04876708984375,226.18185424804688,0.9999433755874634,283.3411865234375,274.12237548828125,0.9994599223136902
360,272.2430114746094,171.65402221679688,0.9996053576469421,278.53594970703125,226.32110595703125,0.9999532699584961,283.3411865234375,274.12237548828125,0.9995331764221191
361,272.2430114746094,171.74957275390625,0.9996392726898193,278.53594970703125,226.81797790527344,0.999956488609314,283.5155334472656,274.4285583496094,0.9995032548904419
362,272.2142333984375,172.1154327392578,0.9995577931404114,278.4830017089844,226.86424255371094,0.9999518394470215,283.5155334472656,274.4285583496094,0.9995071887969971
363,272.2430114746094,172.1154327392578,0.9996108412742615,278.53594970703125,226.86424255371094,0.9999508857727051,283.5155334472656,274.4285583496094,0.9995249509811401
364,272.2430114746094,172.1154327392578,0.9995920062065125,278.58465576171875,226.86424255371094,0.9999555349349976,283.7340087890625,274.4255676269531,0.9995216131210327
365,272.8370666503906,171.58644104003906,0.9997262358665466,278.6507873535156,226.86424255371094,0.9999474287033081,284.1308288574219,274.1376647949219,0.9995476603507996
366,273.1324157714844,171.55599975585938,0.999613344669342,279.5916748046875,226.47581481933594,0.9999257326126099,284.7261657714844,273.70819091796875,0.999535083770752
367,274.17718505859375,170.71791076660156,0.9998195767402649,281.47052001953125,226.3059539794922,0.9999064207077026,284.9795837402344,273.70819091796875,0.999535083770752
368,274.9058837890625,170.64169311523438,0.9998281002044678,283.0115051269531,225.85574340820312,0.9999089241027832,285.52886962890625,273.9405212402344,0.9995558857917786
369,277.235595703125,170.275390625,0.9998859167098999,284.255859375,225.427001953125,0.9998797178268433,286.523681640625,273.9405212402344,0.99949049949646
370,278.6077575683594,170.13128662109375,0.9998511075973511,286.0572509765625,223.6959228515625,0.9998362064361572,288.4690246582031,273.81805419921875,0.9995920062065125
371,281.45025634765625,170.13128662109375,0.9997029900550842,288.5299987792969,223.07948303222656,0.9999203681945801,290.3656005859375,273.81805419921875,0.9996862411499023
372,283.8692932128906,170.13128662109375,0.9996808767318726,291.2482604980469,223.0710906982422,0.9999499320983887,292.1999816894531,273.1933898925781,0.9997789263725281
373,287.2496032714844,170.0933074951172,0.9997565150260925,293.573486328125,222.99234008789062,0.9999443292617798,294.48358154296875,270.9169616699219,0.9993852376937866
374,291.49114990234375,170.0933074951172,0.9998863935470581,299.1029968261719,222.86973571777344,0.9998621940612793,299.8891296386719,270.6142578125,0.9992079138755798
375,294.9710388183594,170.0933074951172,0.9998893737792969,303.4427795410156,222.14430236816406,0.9999351501464844,304.88616943359375,267.5500793457031,0.9993823766708374
376,300.8498229980469,170.0933074951172,0.9996100068092346,307.91278076171875,222.14430236816406,0.99994957447052,307.5260009765625,267.34979248046875,0.9993799924850464
377,304.1406555175781,170.12564086914062,0.9998780488967896,310.4222717285156,222.14430236816406,0.9998693466186523,309.710205078125,267.34979248046875,0.999082088470459
378,304.1406555175781,170.12564086914062,0.9998706579208374,310.4222717285156,222.26950073242188,0.9998804330825806,309.710205078125,267.5500793457031,0.9990901947021484
379,304.75421142578125,170.12564086914062,0.9997804760932922,310.71051025390625,222.27725219726562,0.9999285936355591,309.710205078125,268.427001953125,0.9993699193000793
380,304.75421142578125,170.51376342773438,0.9997513890266418,310.71051025390625,222.36135864257812,0.9999487400054932,309.710205078125,269.0567932128906,0.9993786811828613
381,304.75421142578125,170.51376342773438,0.9997768998146057,310.71051025390625,222.61119079589844,0.9999289512634277,309.710205078125,269.361083984375,0.9993664622306824
382,304.75421142578125,170.41207885742188,0.9998133778572083,310.71051025390625,222.93923950195312,0.9999253749847412,311.0465087890625,270.2098693847656,0.9992861151695251
383,304.8302307128906,170.51376342773438,0.9998401403427124,310.71051025390625,223.0576629638672,0.9999279975891113,311.0465087890625,270.62005615234375,0.9993515610694885
384,304.8302307128906,170.51376342773438,0.9997856020927429,310.73114013671875,223.3427734375,0.9999419450759888,311.25506591796875,271.3502502441406,0.999536395072937
385,305.367919921875,170.5475311279297,0.9998399019241333,310.73114013671875,223.6471710205078,0.999947190284729,311.3194274902344,271.4560852050781,0.9995461106300354
386,305.3544921875,172.08331298828125,0.9996509552001953,310.73114013671875,225.26007080078125,0.9999587535858154,311.6892395019531,271.5538330078125,0.9994294047355652
387,305.3544921875,172.64353942871094,0.9996943473815918,310.73114013671875,226.6443634033203,0.9999505281448364,311.9756774902344,272.1148681640625,0.9992865920066833
388,304.8059997558594,176.23794555664062,0.9994990825653076,310.73114013671875,228.47398376464844,0.9999434947967529,312.5369567871094,273.7419738769531,0.9994131326675415
389,304.8059997558594,179.50453186035156,0.9997712969779968,310.5606994628906,229.95677185058594,0.9999396800994873,312.5369567871094,277.31689453125,0.9996010661125183
390,304.5846862792969,181.46591186523438,0.9998424053192139,310.1869201660156,234.5204620361328,0.9999254941940308,311.9756774902344,280.6935729980469,0.99896240234375
391,303.98065185546875,181.89297485351562,0.9998264908790588,309.0570373535156,234.5204620361328,0.9999419450759888,310.32666015625,280.6935729980469,0.9992274045944214
392,303.0683898925781,181.9568634033203,0.9996902942657471,309.008544921875,234.56842041015625,0.9999467134475708,310.1729736328125,281.17083740234375,0.9995555281639099
393,303.0683898925781,182.2423095703125,0.9997316002845764,309.008544921875,235.31922912597656,0.9999411106109619,309.93084716796875,282.1573181152344,0.9995608925819397
394,302.1175537109375,182.2423095703125,0.9997476935386658,308.703857421875,235.31922912597656,0.9999350309371948,309.93084716796875,282.1573181152344,0.999212384223938
395,302.1175537109375,182.59014892578125,0.9997761845588684,308.7016906738281,235.31922912597656,0.9999282360076904,309.60980224609375,282.1573181152344,0.9993489384651184
396,301.82159423828125,183.0800323486328,0.9997497200965881,308.5972595214844,235.42518615722656,0.9999431371688843,309.25445556640625,282.58154296875,0.9992695450782776
397,301.72821044921875,183.0800323486328,0.999765932559967,308.5934753417969,235.42518615722656,0.9999380111694336,309.056884765625,282.5888977050781,0.9993433356285095
398,301.5892028808594,182.59014892578125,0.9997439980506897,308.5934753417969,235.42518615722656,0.9999387264251709,309.056884765625,282.6413269042969,0.999243974685669
399,301.72821044921875,182.4058837890625,0.9997730851173401,308.5972595214844,235.3311767578125,0.9999384880065918,309.056884765625,282.59564208984375,0.9992702603340149
400,301.47076416015625,182.28286743164062,0.9997499585151672,308.5934753417969,235.3311767578125,0.9999446868896484,308.8500061035156,282.59564208984375,0.9993160963058472
401,301.2201843261719,181.92910766601562,0.9997798800468445,308.5934753417969,235.2548828125,0.99993896484375,308.7975158691406,282.5888977050781,0.9993034601211548
